frame_index,timestamp_ms
0,618.181
1,639.621
2,655.033
3,674.305
4,686.461
5,703.252
6,724.366
7,744.217
8,772.789
9,787.578
10,806.93
11,826.243
12,844.962
13,856.182
14,871.372
15,885.589
16,904.135
17,918.771
18,939.025
19,952.582
20,971.64
21,985.696
22,1008.34
23,1023.84
24,1035.55
25,1055.17
26,1069.1
27,1088.71
28,1108.83
29,1118.25
30,1134.38
31,1153.71
32,1167.47
33,1184.28
34,1203.48
35,1226.11
36,1239.33
37,1263.21
38,1270.1
39,1295.99
40,1305.45
41,1320.89
42,1335.94
43,1357.05
44,1368.89
45,1387.14
46,1403.84
47,1419.19
48,1437.6
49,1451.99
50,1471.33
51,1486.75
52,1506.7
53,1523.82
54,1541.81
55,1561.06
56,1575.85
57,1590.12
58,1606.96
59,1621.6
60,1638.85
61,1659.59
62,1672.6
63,1689.6
64,1701.67
65,1718.35
66,1740.8
67,1752.11
68,1771.04
69,1789.57
70,1801.7
71,1821.43
72,1842.37
73,1860.6
74,1882.25
75,1892.43
76,1913.84
77,1920.6
78,1937.01
79,1951.43
80,1970.36
81,1986.12
82,2004.21
83,2020.71
84,2036.74
85,2050.08
86,2069.98
87,2083.58
88,2107.21
89,2117.66
90,2136.73
91,2154.83
92,2170.32
93,2188.19
94,2202.25
95,2223.01
96,2238.85
97,2264.76
98,2272
99,2291.96
100,2303.57
101,2318.7
102,2339.35
103,2352.95
104,2370.68
105,2387.61
106,2404.13
107,2424.26
108,2435.21
109,2456.75
110,2469.99
111,2487.6
112,2501.59
113,2520.15
114,2533.94
115,2554.68
116,2568.63
117,2596.64
118,2608.95
119,2618.1
120,2635.26
121,2650.52
122,2665.7
123,2682.86
124,2700.43
125,2718.07
126,2735.01
127,2749.23
128,2767.14
129,2784.02
130,2799.76
131,2817.76
132,2833.55
133,2850.37
134,2868.49
135,2882.48
136,2900.52
137,2918.08
138,2933.1
139,2949.61
140,2966.28
141,2983.67
142,3000.57
143,3018.73
144,3039.75
145,3054.27
146,3069.91
147,3084.86
148,3098.5
149,3115.55
150,3133.23
151,3150.27
152,3167.35
153,3182.32
154,3200.58
155,3216.91
156,3239.96
157,3250.97
158,3269.26
159,3286.39
160,3302.82
161,3316.58
162,3333.05
163,3348.97
164,3367.09
165,3381.84
166,3401.03
167,3415.58
168,3439.31
169,3450.16
170,3465.66
171,3483.33
172,3499.41
173,3515.97
174,3533.3
175,3550.21
176,3568.66
177,3582.37
178,3600.38
179,3616.46
180,3642.6
181,3651.8
182,3667.44
183,3682.86
184,3699.71
185,3715.62
186,3732.74
187,3748.87
188,3767.42
189,3783.09
190,3798.66
191,3815.14
192,3834.97
193,3848.57
194,3866.51
195,3882.64
196,3900.14
197,3917.24
198,3931.38
199,3949.12
200,3966.93
201,3981.3
202,3999.82
203,4016.31
204,4038.13
205,4049.01
206,4069.7
207,4088.91
208,4101.33
209,4118.79
210,4131.58
211,4149.71
212,4164.98
213,4182.5
214,4200.86
215,4215.17
216,4232.89
217,4248.82
218,4266.72
219,4280.68
220,4297.49
221,4314.97
222,4332.29
223,4349.16
224,4364.77
225,4382.41
226,4400.66
227,4415.5
228,4435.16
229,4447.93
230,4465.5
231,4481.34
232,4498.45
233,4514.59
234,4532.79
235,4547.51
236,4565.33
237,4583.13
238,4597.47
239,4614.82
240,4631.43
241,4650.28
242,4665.3
243,4684.12
244,4699.12
245,4713.75
246,4731.3
247,4748.96
248,4765.21
249,4781.46
250,4798.37
251,4814.6
252,4832.86
253,4848.41
254,4866.79
255,4880.91
256,4897.22
257,4914.18
258,4931.51
259,4947.82
260,4965.96
261,4982.5
262,4998.49
263,5013.77
264,5033.34
265,5048.2
266,5067.15
267,5081.09
268,5099.84
269,5113.74
270,5134.09
271,5149.43
272,5165.66
273,5183.66
274,5197.07
275,5215.25
276,5235.41
277,5248.06
278,5264.64
279,5281.98
280,5296.45
281,5313.58
282,5330.54
283,5347.49
284,5365.74
285,5380.76
286,5398.67
287,5416.05
288,5433.32
289,5455.83
290,5466.03
291,5481.34
292,5497.09
293,5516.09
294,5529.62
295,5548.58
296,5563.49
297,5581.5
298,5596.84
299,5615.35
300,5633.07
301,5647.96
302,5666.38
303,5683.52
304,5699.68
305,5719.56
306,5729.69
307,5746.93
308,5763.31
309,5779.57
310,5796.79
311,5813.73
312,5830.79
313,5848.35
314,5862.98
315,5881.94
316,5896.21
317,5914.84
318,5930.12
319,5947.99
320,5964.43
321,5979.39
322,5997.2
323,6014.03
324,6031.43
325,6045.49
326,6066.14
327,6079.53
328,6097.25
329,6116.39
330,6129.91
331,6150.1
332,6163.36
333,6181.91
334,6196.53
335,6214.77
336,6232.48
337,6247.51
338,6263.03
339,6280.9
340,6300.69
341,6313.35
342,6330
343,6348.88
344,6364.55
345,6380.49
346,6397.67
347,6414.7
348,6430.4
349,6447.71
350,6465.85
351,6478.61
352,6496.06
353,6513.42
354,6530.57
355,6546.42
356,6564.05
357,6578.96
358,6596.6
359,6613.21
360,6630.62
361,6648.42
362,6663.08
363,6680.46
364,6694.94
365,6714.64
366,6733.1
367,6747.18
368,6764.77
369,6781.14
370,6795.71
371,6812.12
372,6830.75
373,6848.28
374,6862.24
375,6881.58
376,6895.37
377,6913.19
378,6931.14
379,6948.32
380,6962.48
381,6980.23
382,6995.72
383,7013.02
384,7030.85
385,7050.04
386,7062.33
387,7079.78
388,7096.79
389,7112.14
390,7128.96
391,7147.98
392,7161.84
393,7178.33
394,7194.77
395,7211.64
396,7230.83
397,7245.93
398,7263.82
399,7279.1
400,7296.6
401,7312.65
402,7332.86
403,7345.29
404,7363.91
405,7380.06
406,7395.23
407,7413.62
408,7429.61
409,7448.68
410,7464.82
411,7478.8
412,7496.41
413,7511
414,7529.17
415,7544.78
416,7562.66
417,7580.82
418,7594.94
419,7612.34
420,7630.8
421,7645.16
422,7663.29
423,7680.11
424,7693.63
425,7710.82
426,7730.04
427,7745.02
428,7762.63
429,7781.63
430,7795.14
431,7812.01
432,7829.25
433,7844.73
434,7862.76
435,7879.24
436,7895.47
437,7911.84
438,7928.95
439,7944.14
440,7962.01
441,7977.81
442,7995.84
443,8011.02
444,8029.52
445,8050.49
446,8061.38
447,8078.08
448,8097.59
449,8111.54
450,8128.56
451,8143.44
452,8163.53
453,8177.79
454,8194.62
455,8212.36
456,8227.46
457,8249.07
458,8264.8
459,8279.56
460,8297.45
461,8312.79
462,8327.49
463,8346.39
464,8360.71
465,8380.53
466,8394.26
467,8413.5
468,8428.05
469,8449.28
470,8461.88
471,8477.79
472,8495.59
473,8510.36
474,8528.81
475,8543.34
476,8561.63
477,8578.3
478,8594.29
479,8612.9
480,8627.86
481,8646.18
482,8663.2
483,8678.82
484,8696.76
485,8710.15
486,8728.37
487,8745.73
488,8759.55
489,8778.21
490,8796.28
491,8813.44
492,8831.88
493,8848.6
494,8861.46
495,8876.75
496,8893.61
497,8910.3
498,8926.73
499,8944.26
500,8960.13
501,8981.12
502,8993.16
503,9011.39
504,9027.57
505,9047.01
506,9060.43
507,9078.5
508,9094.09
509,9109.86
510,9127.09
511,9143
512,9161.2
513,9177.71
514,9198.35
515,9210.15
516,9227.62
517,9244.25
518,9260.24
519,9276.65
520,9293.32
521,9310.75
522,9328.16
523,9342.78
524,9362.92
525,9381.35
526,9394.03
527,9411.31
528,9426.05
529,9444.11
530,9460.21
531,9481.04
532,9493.24
533,9512.59
534,9528.77
535,9543.08
536,9560.64
537,9575.93
538,9596.49
539,9608.83
540,9627.93
541,9646.81
542,9659.44
543,9676.8
544,9694.27
545,9707.55
546,9725.54
547,9743.48
548,9759.87
549,9778.26
550,9793.03
551,9811.07
552,9828.47
553,9848.78
554,9862.89
555,9875.98
556,9892.68
557,9911.02
558,9924.97
559,9942.26
560,9960.07
561,9978.19
562,9992.42
563,10011.2
564,10026.6
565,10043.4
566,10061.5
567,10077.9
568,10094.2
569,10110.2
570,10126.7
571,10143.3
572,10159.7
573,10176.9
574,10192.7
575,10210.9
576,10227.8
577,10247.3
578,10260.1
579,10277
580,10292.1
581,10309
582,10326.6
583,10342.1
584,10359.2
585,10377.2
586,10392.1
587,10409.7
588,10424.8
589,10444.6
590,10459.8
591,10476.8
592,10492.9
593,10509.7
594,10525.6
595,10543.8
596,10558
597,10576.1
598,10593.8
599,10609
600,10625.3
601,10645.6
602,10659.9
603,10675.3
604,10693.6
605,10710.6
606,10726.6
607,10743.6
608,10757.8
609,10776.4
610,10792.9
611,10809.1
612,10825.8
613,10842.3
614,10864.7
615,10880.2
616,10894.1
617,10907.7
618,10928.5
619,10940.8
620,10959.5
621,10976.7
622,10990.8
623,11009
624,11024.4
625,11046.9
626,11058.1
627,11075
628,11094.6
629,11107.6
630,11125.2
631,11142
632,11161.8
633,11173.9
634,11192.9
635,11208.1
636,11224.1
637,11244.4
638,11257.9
639,11275.7
640,11290.5
641,11308
642,11326.4
643,11340.4
644,11358.3
645,11376.1
646,11390.8
647,11408.3
648,11425.7
649,11443
650,11463.1
651,11473.5
652,11491.8
653,11508.6
654,11524
655,11542.1
656,11557.5
657,11575.3
658,11590.6
659,11609.3
660,11624.9
661,11644.2
662,11660.3
663,11673.8
664,11692.7
665,11709.1
666,11723.8
667,11742.4
668,11758.9
669,11773.3
670,11791.9
671,11806.6
672,11824.6
673,11843
674,11856.8
675,11875
676,11891.8
677,11910.1
678,11925.5
679,11942.6
680,11959.8
681,11976.6
682,11990.3
683,12008.9
684,12024.2
685,12045.8
686,12059.7
687,12073.5
688,12092.2
689,12106
690,12124.7
691,12143.9
692,12156.4
693,12173.5
694,12192.9
695,12206.2
696,12228.8
697,12241.9
698,12264.4
699,12273.7
700,12290.4
701,12307.6
702,12322.9
703,12339.9
704,12358.3
705,12373
706,12391.3
707,12408.4
708,12421.8
709,12440.5
710,12463.8
711,12474.6
712,12492.8
713,12510.2
714,12530.4
715,12539.6
716,12557.2
717,12573.3
718,12590.6
719,12606.3
720,12623.8
721,12642
722,12656.4
723,12674.6
724,12690.3
725,12706.2
726,12723.1
727,12741.3
728,12755.7
729,12773.6
730,12792.2
731,12805.7
732,12823.7
733,12842.6
734,12858.5
735,12873.8
736,12890.5
737,12907.1
738,12925
739,12944.1
740,12959.8
741,12974.4
742,12990.2
743,13007.5
744,13022
745,13040.9
746,13058.3
747,13073.5
748,13088.7
749,13106.2
750,13122.2
751,13139.7
752,13155.5
753,13173.7
754,13190.9
755,13205.8
756,13225.9
757,13243.8
758,13257.1
759,13275.7
760,13289.2
761,13306.6
762,13321.8
763,13340.3
764,13355.1
765,13372.5
766,13389.9
767,13405.2
768,13422.2
769,13439.9
770,13456.6
771,13474
772,13490
773,13505.9
774,13525.2
775,13539.4
776,13556.8
777,13574.6
778,13588.8
779,13606.6
780,13624.3
781,13642.7
782,13675.5
783,13687.8
784,13722.1
785,13752.3
786,13767.7
787,13779.4
788,13790.9
789,13817.5
790,13827.4
791,13843.6
792,13855.7
793,13874.4
794,13887.9
795,13905.8
796,13922.8
797,13939.6
798,13954.9
799,13971.6
800,13988.5
801,14008.8
802,14021.5
803,14038.5
804,14056.5
805,14071.3
806,14089.9
807,14104.3
808,14122.2
809,14139.8
810,14156.5
811,14174
812,14188.1
813,14206
814,14222.3
815,14239.9
816,14255.1
817,14274.4
818,14287.7
819,14306.8
820,14322.3
821,14339.8
822,14354.1
823,14373
824,14388.6
825,14406.2
826,14420.9
827,14439
828,14457.2
829,14472.5
830,14489.1
831,14504.1
832,14521.3
833,14538.4
834,14555
835,14571.7
836,14588.3
837,14605.5
838,14622.7
839,14637.2
840,14658.1
841,14671.7
842,14686.8
843,14704.5
844,14720.8
845,14738.5
846,14754.3
847,14772.2
848,14788.2
849,14803.7
850,14822
851,14837.5
852,14857.2
853,14871.9
854,14887.2
855,14905.5
856,14922.7
857,14937.3
858,14956.1
859,14970.8
860,14989.8
861,15003.6
862,15023.8
863,15038.1
864,15055.3
865,15073.6
866,15087.4
867,15105
868,15120.2
869,15137.8
870,15155.3
871,15169.7
872,15186.6
873,15204.6
874,15221.4
875,15237.2
876,15255.1
877,15272.5
878,15286.4
879,15303.1
880,15321.6
881,15338.4
882,15354.6
883,15377.5
884,15388
885,15404.7
886,15421.6
887,15437.9
888,15455.4
889,15471.4
890,15488.2
891,15503.8
892,15521.3
893,15536.2
894,15557.3
895,15570.3
896,15589
897,15602.7
898,15620
899,15638.3
900,15655.2
901,15669.6
902,15687.6
903,15704.5
904,15721.3
905,15736.8
906,15754
907,15770.8
908,15788.3
909,15803.8
910,15822.6
911,15836.7
912,15854.3
913,15871.5
914,15885.7
915,15903.4
916,15921.2
917,15936
918,15953.9
919,15970.6
920,15988.9
921,16002.9
922,16022.4
923,16036.1
924,16057.3
925,16077.7
926,16090.6
927,16107
928,16123.7
929,16138.9
930,16155.1
931,16170.2
932,16188.1
933,16205.1
934,16221
935,16238.4
936,16257.4
937,16271.9
938,16290.6
939,16303.3
940,16322.5
941,16336.6
942,16351.8
943,16369.8
944,16385.6
945,16402.8
946,16419.8
947,16435.7
948,16455.1
949,16469.2
950,16490.6
951,16502.1
952,16520.7
953,16536.8
954,16554.9
955,16568.7
956,16586.2
957,16603.6
958,16619
959,16636.5
960,16656.4
961,16680.2
962,16692.3
963,16704.7
964,16721.2
965,16741.2
966,16755
967,16774
968,16785.2
969,16804.7
970,16819.5
971,16836.9
972,16856.3
973,16880.8
974,16892.3
975,16906.3
976,16920.3
977,16939.5
978,16954.1
979,16968.7
980,16987.3
981,17001.8
982,17019.8
983,17034.3
984,17052.9
985,17070.9
986,17086
987,17103.3
988,17121.6
989,17141.4
990,17155
991,17173.3
992,17186.8
993,17202.5
994,17220.1
995,17235.2
996,17256.5
997,17275.4
998,17285.3
999,17301.1
1000,17318.3
1001,17334.8
1002,17351.5
1003,17369.3
1004,17384.9
1005,17402.7
1006,17417.2
1007,17435.5
1008,17452.9
1009,17469.9
1010,17484.9
1011,17502.1
1012,17518.9
1013,17535.6
1014,17552.1
1015,17567.6
1016,17585.2
1017,17603.1
1018,17617.7
1019,17636.4
1020,17652.8
1021,17668.4
1022,17686.9
1023,17701
1024,17718.5
1025,17734.9
1026,17752.4
1027,17767.1
1028,17786.5
1029,17800.7
1030,17818.7
1031,17835.6
1032,17852.9
1033,17871.3
1034,17887.2
1035,17901.7
1036,17917.9
1037,17934.9
1038,17950.5
1039,17968.4
1040,17985
1041,18002.5
1042,18017.2
1043,18034.8
1044,18054.2
1045,18070.2
1046,18088
1047,18105
1048,18120.2
1049,18134.4
1050,18151.9
1051,18171.6
1052,18188.7
1053,18203.6
1054,18218.3
1055,18234.2
1056,18253.9
1057,18269
1058,18288.3
1059,18302.5
1060,18317.2
1061,18334.9
1062,18353.6
1063,18367.5
1064,18386.3
1065,18400.8
1066,18419
1067,18434.1
1068,18453.1
1069,18471
1070,18485.2
1071,18501.3
1072,18518.5
1073,18538.1
1074,18550.9
1075,18567.5
1076,18584.1
1077,18601
1078,18616.9
1079,18634.8
1080,18654.4
1081,18672.4
1082,18687.3
1083,18703.2
1084,18720.3
1085,18735.4
1086,18752
1087,18766.7
1088,18785.8
1089,18800.8
1090,18817.7
1091,18834.6
1092,18853
1093,18874.1
1094,18885.2
1095,18898.8
1096,18917.6
1097,18934
1098,18950.1
1099,18968.2
1100,18984.4
1101,19001
1102,19017.3
1103,19035.7
1104,19051.9
1105,19071.9
1106,19084.4
1107,19098.9
1108,19117.3
1109,19134.6
1110,19151.1
1111,19167.1
1112,19184.1
1113,19200.9
1114,19216.2
1115,19233.4
1116,19253.8
1117,19267.4
1118,19284.2
1119,19301.4
1120,19315.8
1121,19333.8
1122,19350.8
1123,19366
1124,19383.9
1125,19399.3
1126,19416.8
1127,19433.2
1128,19453.1
1129,19467.1
1130,19485.1
1131,19499.2
1132,19516.2
1133,19534
1134,19551.6
1135,19565.5
1136,19583.1
1137,19603.7
1138,19615.8
1139,19632.6
1140,19651.6
1141,19668.2
1142,19687.6
1143,19700
1144,19718.8
1145,19734.1
1146,19751.4
1147,19767.7
1148,19783.3
1149,19801.7
1150,19815.4
1151,19832.4
1152,19850.9
1153,19865.9
1154,19884.8
1155,19898.7
1156,19917
1157,19931.7
1158,19949.6
1159,19965.4
1160,19981.9
1161,19999.2
1162,20016.9
1163,20033.9
1164,20050.9
1165,20066.5
1166,20083.3
1167,20099.5
1168,20115.7
1169,20133.4
1170,20150.1
1171,20166.3
1172,20181.8
1173,20201
1174,20216.1
1175,20233.4
1176,20248.9
1177,20271.1
1178,20283.4
1179,20297.4
1180,20315.6
1181,20333.7
1182,20350.9
1183,20366.9
1184,20384.5
1185,20398.6
1186,20416.5
1187,20432.2
1188,20451.3
1189,20467.5
1190,20485.6
1191,20499.4
1192,20516.4
1193,20530.9
1194,20548.5
1195,20564.8
1196,20583
1197,20597.9
1198,20616.7
1199,20633.3
1200,20646.8
1201,20668.4
1202,20681.8
1203,20699.2
1204,20716.6
1205,20732.8
1206,20748.3
1207,20765.2
1208,20783.7
1209,20799.5
1210,20815.8
1211,20834.3
1212,20858.8
1213,20870.5
1214,20885.9
1215,20898
1216,20916.6
1217,20931.1
1218,20948.6
1219,20966.1
1220,20981.6
1221,20999.4
1222,21015.5
1223,21032.5
1224,21049.5
1225,21066.3
1226,21089.5
1227,21099.4
1228,21119.4
1229,21138.1
1230,21148.4
1231,21164.5
1232,21184.3
1233,21198
1234,21216.4
1235,21230.6
1236,21250.3
1237,21267.9
1238,21288.2
1239,21297.7
1240,21317.3
1241,21335.4
1242,21347
1243,21364.6
1244,21382.7
1245,21398.1
1246,21414.8
1247,21433
1248,21447.5
1249,21465.5
1250,21481.6
1251,21498.9
1252,21515
1253,21531.4
1254,21548.2
1255,21564.7
1256,21580.9
1257,21598.5
1258,21613.3
1259,21630.7
1260,21650.8
1261,21665.6
1262,21681.7
1263,21699.5
1264,21713.8
1265,21732
1266,21746.6
1267,21764.2
1268,21780.6
1269,21798.6
1270,21813.4
1271,21831.3
1272,21850
1273,21866
1274,21884.8
1275,21900.7
1276,21912.9
1277,21931.2
1278,21947.7
1279,21964.5
1280,21979.7
1281,21997.7
1282,22013.9
1283,22031.1
1284,22047.3
1285,22067
1286,22080.1
1287,22097.5
1288,22115.8
1289,22130
1290,22148.1
1291,22164.3
1292,22181.2
1293,22199.3
1294,22214.2
1295,22232.3
1296,22246.7
1297,22265.2
1298,22280.8
1299,22297.5
1300,22314.5
1301,22329.9
1302,22347.1
1303,22363.3
1304,22380.7
1305,22396.3
1306,22413.2
1307,22430.6
1308,22448.6
1309,22466
1310,22480.8
1311,22497.6
1312,22513.6
1313,22529.6
1314,22547.4
1315,22564.6
1316,22579.6
1317,22597.5
1318,22613.4
1319,22630.6
1320,22647
1321,22665.7
1322,22679.1
1323,22700.5
1324,22713.9
1325,22732.2
1326,22745.6
1327,22764.6
1328,22782.4
1329,22795.3
1330,22812.8
1331,22829.6
1332,22847
1333,22864.3
1334,22880.2
1335,22895.6
1336,22914.8
1337,22929.6
1338,22948
1339,22962.5
1340,22980.5
1341,22997.7
1342,23012.3
1343,23030.5
1344,23046.1
1345,23069.9
1346,23078.7
1347,23095.3
1348,23113.5
1349,23131.4
1350,23145.7
1351,23161.9
1352,23179
1353,23196.9
1354,23214.3
1355,23229.4
1356,23248
1357,23266.5
1358,23281.7
1359,23295.5
1360,23313.6
1361,23330.1
1362,23345
1363,23362.6
1364,23379.8
1365,23396.4
1366,23413.3
1367,23430.4
1368,23446.7
1369,23470.4
1370,23483
1371,23495.5
1372,23513.6
1373,23528.2
1374,23545.8
1375,23563.9
1376,23578
1377,23596.3
1378,23611.8
1379,23630.5
1380,23644.9
1381,23664.8
1382,23678.8
1383,23697.2
1384,23713.5
1385,23727.9
1386,23745.8
1387,23761.6
1388,23778.6
1389,23795.7
1390,23813.4
1391,23830.6
1392,23845.2
1393,23864.8
1394,23879.6
1395,23896.3
1396,23912.3
1397,23928.4
1398,23947.9
1399,23962.9
1400,23980.5
1401,23994.4
1402,24012
1403,24028.5
1404,24045.2
1405,24062.8
1406,24078.4
1407,24096.9
1408,24113.3
1409,24132
1410,24151.4
1411,24163.1
1412,24181.4
1413,24197.1
1414,24213.1
1415,24227.2
1416,24244.7
1417,24264
1418,24277
1419,24300.9
1420,24312.3
1421,24329.4
1422,24344.9
1423,24363
1424,24379.4
1425,24394.7
1426,24415.3
1427,24430.8
1428,24445.1
1429,24468.5
1430,24484.2
1431,24502.7
1432,24512.5
1433,24529.9
1434,24548.6
1435,24563.1
1436,24577.2
1437,24594.3
1438,24610.9
1439,24630.8
1440,24643.8
1441,24661.9
1442,24680.6
1443,24694.8
1444,24712.4
1445,24728.1
1446,24748.8
1447,24762.1
1448,24777.5
1449,24794.5
1450,24811.1
1451,24828.8
1452,24845.9
1453,24863.3
1454,24878.4
1455,24893.8
1456,24911.3
1457,24928.1
1458,24945.1
1459,24962
1460,24979
1461,24997.3
1462,25015.2
1463,25032.3
1464,25044.8
1465,25060.9
1466,25082.4
1467,25097.9
1468,25111.3
1469,25133
1470,25145.9
1471,25165.3
1472,25175.8
1473,25194.8
1474,25209.9
1475,25227.8
1476,25244.8
1477,25262.7
1478,25277.2
1479,25293.5
1480,25311.4
1481,25327.7
1482,25345.2
1483,25360.8
1484,25378.9
1485,25393.6
1486,25411.8
1487,25426.5
1488,25444.1
1489,25464.2
1490,25477.4
1491,25494.7
1492,25512.8
1493,25526.6
1494,25544.1
1495,25561.9
1496,25579.2
1497,25593.8
1498,25610.2
1499,25627.3
1500,25644.4
1501,25659.9
1502,25678.2
1503,25693.4
1504,25709.9
1505,25727.1
1506,25743.1
1507,25760.2
1508,25776.6
1509,25794.7
1510,25808.7
1511,25826.4
1512,25845
1513,25860.9
1514,25876.4
1515,25895
1516,25909.8
1517,25929
1518,25942.4
1519,25959.8
1520,25977.5
1521,25993.5
1522,26010.7
1523,26030.9
1524,26044
1525,26064.7
1526,26080.4
1527,26094.7
1528,26114.3
1529,26129
1530,26144.1
1531,26159.3
1532,26176.9
1533,26193.9
1534,26211.2
1535,26228.6
1536,26242.3
1537,26261.6
1538,26274.9
1539,26294.2
1540,26309.4
1541,26327
1542,26343.5
1543,26359
1544,26376.1
1545,26394.7
1546,26409.4
1547,26427.1
1548,26443.1
1549,26461.7
1550,26475.9
1551,26493.2
1552,26510.4
1553,26526.5
1554,26544.7
1555,26561.3
1556,26575
1557,26592.9
1558,26610.3
1559,26625.4
1560,26643.1
1561,26660.6
1562,26675.7
1563,26694.1
1564,26709.9
1565,26726.5
1566,26744
1567,26759.1
1568,26777.1
1569,26793.6
1570,26809.4
1571,26826.3
1572,26841.3
1573,26859.8
1574,26875.6
1575,26893.1
1576,26909.9
1577,26927.5
1578,26943.1
1579,26960.5
1580,26974.7
1581,26992.4
1582,27009.4
1583,27026.4
1584,27042.2
1585,27061.5
1586,27080.8
1587,27097.5
1588,27111.1
1589,27128.9
1590,27147.4
1591,27161.3
1592,27177.9
1593,27193.7
1594,27208.6
1595,27226.4
1596,27241.1
1597,27258.7
1598,27277.3
1599,27291.9
1600,27308.9
1601,27326.4
1602,27341
1603,27358.4
1604,27377.3
1605,27392.5
1606,27410.3
1607,27424.7
1608,27443.5
1609,27462.3
1610,27477.7
1611,27491.6
1612,27509.3
1613,27526.5
1614,27542.6
1615,27560.4
1616,27574.5
1617,27593.5
1618,27609.1
1619,27625.4
1620,27643.3
1621,27658
1622,27676.8
1623,27692.9
1624,27710
1625,27728.1
1626,27742.4
1627,27760.2
1628,27773.7
1629,27792.4
1630,27808.4
1631,27827.1
1632,27841.7
1633,27858.8
1634,27875.2
1635,27895.6
1636,27907
1637,27925.4
1638,27942.9
1639,27958.7
1640,27974.7
1641,27992.5
1642,28009.6
1643,28027.5
1644,28040.6
1645,28059.2
1646,28077
1647,28093
1648,28108.1
1649,28125.4
1650,28141.8
1651,28157.9
1652,28174.5
1653,28191.1
1654,28209.4
1655,28223.9
1656,28240.9
1657,28259.2
1658,28274.9
1659,28293.2
1660,28307.1
1661,28325
1662,28342.7
1663,28357
1664,28374.1
1665,28391.8
1666,28407.3
1667,28423.7
1668,28441.9
1669,28458.2
1670,28476.1
1671,28492.4
1672,28507.5
1673,28525
1674,28540.1
1675,28557.2
1676,28575.4
1677,28590.3
1678,28609.2
1679,28623.7
1680,28641
1681,28658.1
1682,28676.9
1683,28690.6
1684,28707
1685,28725.6
1686,28742.4
1687,28756.9
1688,28774.8
1689,28789.9
1690,28806.7
1691,28823.8
1692,28842.2
1693,28856.5
1694,28874.9
1695,28891.3
1696,28906.3
1697,28923.3
1698,28940.2
1699,28956.9
1700,28973.3
1701,28990.6
1702,29008.2
1703,29023
1704,29041.3
1705,29058.3
1706,29075
1707,29090.2
1708,29106.5
1709,29123.5
1710,29141.1
1711,29157
1712,29174.5
1713,29189.4
1714,29206.5
1715,29226.8
1716,29242.7
1717,29257
1718,29278
1719,29291.2
1720,29306.7
1721,29325.9
1722,29341.3
1723,29356.2
1724,29375.4
1725,29393.5
1726,29408.2
1727,29429.7
1728,29444.4
1729,29458.5
1730,29474.8
1731,29490.4
1732,29508.3
1733,29522.6
1734,29540.2
1735,29557.2
1736,29573.9
1737,29592.2
1738,29606.1
1739,29622.9
1740,29639.1
1741,29657
1742,29674.2
1743,29690.4
1744,29706.1
1745,29722.8
1746,29738.8
1747,29755.9
1748,29772.9
1749,29788.9
1750,29805.8
1751,29823
1752,29840.7
1753,29855.5
1754,29875.2
1755,29889.2
1756,29907
1757,29922.6
1758,29941.1
1759,29955.3
1760,29972.8
1761,29988.5
1762,30005.5
1763,30022.2
1764,30040.4
1765,30056.8
1766,30075
1767,30090.9
1768,30106.1
1769,30123.4
1770,30138.2
1771,30156
1772,30173
1773,30189.8
1774,30207.7
1775,30226.1
1776,30241.8
1777,30256.4
1778,30274.6
1779,30298.4
1780,30309.5
1781,30326
1782,30343.4
1783,30359.9
1784,30375.9
1785,30390.6
1786,30406.5
1787,30425.8
1788,30439.1
1789,30457.9
1790,30475.1
1791,30489.2
1792,30504.5
1793,30522.5
1794,30540.3
1795,30555
1796,30572.3
1797,30590.5
1798,30605
1799,30624.7
1800,30638.4
1801,30656.1
1802,30673.2
1803,30690.5
1804,30705.6
1805,30723.1
1806,30738.8
1807,30755.3
1808,30772.7
1809,30789.1
1810,30804.9
1811,30822.9
1812,30839.6
1813,30857.2
1814,30876.4
1815,30889.3
1816,30906.7
1817,30922.8
1818,30939.3
1819,30955.2
1820,30971.8
1821,30990.2
1822,31005.4
1823,31022.3
1824,31040.2
1825,31055.3
1826,31074.1
1827,31093
1828,31106.6
1829,31126.3
1830,31140.5
1831,31154.7
1832,31172.6
1833,31188.8
1834,31205.6
1835,31222.6
1836,31241
1837,31256.9
1838,31273.5
1839,31288.3
1840,31305.4
1841,31327.6
1842,31339.8
1843,31356.2
1844,31370.6
1845,31390.7
1846,31404
1847,31421.7
1848,31437.3
1849,31454.9
1850,31472.6
1851,31487.8
1852,31507.4
1853,31520.7
1854,31538.8
1855,31556
1856,31573
1857,31587.4
1858,31605.4
1859,31620.9
1860,31639.4
1861,31654.3
1862,31671.5
1863,31687.5
1864,31703.8
1865,31720.9
1866,31737.5
1867,31755.6
1868,31773.9
1869,31788.5
1870,31805.1
1871,31823.1
1872,31838.5
1873,31855.1
1874,31872.9
1875,31888
1876,31907.9
1877,31921
1878,31938.7
1879,31953.7
1880,31970.5
1881,31988.1
1882,32004.9
1883,32020.5
1884,32040.9
1885,32053.3
1886,32073.1
1887,32089.2
1888,32104.7
1889,32121.1
1890,32138.4
1891,32154.1
1892,32172.8
1893,32187.1
1894,32204.7
1895,32222.3
1896,32237.2
1897,32253.2
1898,32273.6
1899,32291.6
1900,32303.8
1901,32320.5
1902,32338.8
1903,32353.6
1904,32371.9
1905,32386.1
1906,32404.2
1907,32421.2
1908,32437.4
1909,32455.4
1910,32475.2
1911,32487.8
1912,32506
1913,32521.9
1914,32535.8
1915,32553.5
1916,32572.2
1917,32586.3
1918,32603
1919,32620.7
1920,32638.8
1921,32652.8
1922,32671
1923,32688.8
1924,32702.4
1925,32720
1926,32737.9
1927,32753.8
1928,32769.1
1929,32787.2
1930,32803.7
1931,32820.7
1932,32838
1933,32855.2
1934,32871.7
1935,32887.6
1936,32904.2
1937,32919.1
1938,32936.6
1939,32953.5
1940,32970.3
1941,32988.3
1942,33001.9
1943,33021.2
1944,33037.4
1945,33056.1
1946,33071.2
1947,33089.1
1948,33102.6
1949,33120.4
1950,33137.9
1951,33154.6
1952,33173.5
1953,33186.7
1954,33202.5
1955,33221
1956,33236.8
1957,33253.2
1958,33274.1
1959,33293.1
1960,33306
1961,33318.8
1962,33337.1
1963,33357.7
1964,33377.5
1965,33389.3
1966,33405.1
1967,33418.9
1968,33436.4
1969,33453.2
1970,33470.1
1971,33490.5
1972,33507.5
1973,33518.9
1974,33536.9
1975,33551.6
1976,33570.2
1977,33586.7
1978,33602.1
1979,33619.6
1980,33636.1
1981,33653.9
1982,33669.4
1983,33692.3
1984,33706.2
1985,33719.3
1986,33735.2
1987,33752.5
1988,33769.6
1989,33786.8
1990,33802.9
1991,33821
1992,33835.2
1993,33854
1994,33872.4
1995,33887.8
1996,33902.6
1997,33919.8
1998,33936.3
1999,33955.2
2000,33969.1
2001,33989.4
2002,34001.9
2003,34021
2004,34037.8
2005,34051.7
2006,34069.2
2007,34086.7
2008,34101.7
2009,34118.2
2010,34136.9
2011,34151.3
2012,34169
2013,34186.1
2014,34202
2015,34219.1
2016,34235
2017,34252.1
2018,34269.6
2019,34285.3
2020,34305.2
2021,34319.4
2022,34336.8
2023,34350.9
2024,34370.8
2025,34384.8
2026,34402.8
2027,34420.8
2028,34434.2
2029,34452.5
2030,34470.4
2031,34491.3
2032,34503.7
2033,34517.7
2034,34535.7
2035,34551.3
2036,34568.7
2037,34586.4
2038,34602.9
2039,34619.3
2040,34634.3
2041,34651.7
2042,34668.2
2043,34688.3
2044,34703.7
2045,34719
2046,34734.1
2047,34752.1
2048,34767.1
2049,34784.9
2050,34802.9
2051,34818.6
2052,34836.4
2053,34850.8
2054,34869.8
2055,34884.9
2056,34903.6
2057,34917.8
2058,34934.4
2059,34951.7
2060,34968.8
2061,34983.9
2062,35002.2
2063,35017.6
2064,35034.4
2065,35051
2066,35067.4
2067,35085.6
2068,35100.3
2069,35118.2
2070,35133.6
2071,35151.4
2072,35168.5
2073,35185.4
2074,35200.1
2075,35218.4
2076,35237
2077,35253.6
2078,35267.6
2079,35287.2
2080,35303.1
2081,35318.5
2082,35336
2083,35349.9
2084,35369.1
2085,35383.2
2086,35400.4
2087,35418.2
2088,35432.9
2089,35450.3
2090,35466.8
2091,35486.1
2092,35500.3
2093,35517.2
2094,35533.2
2095,35551.6
2096,35566.5
2097,35584.5
2098,35602.1
2099,35616.8
2100,35634.9
2101,35649.9
2102,35667.1
2103,35686.8
2104,35700.9
2105,35716.7
2106,35735.7
2107,35751.9
2108,35766.1
2109,35784.2
2110,35801.1
2111,35818.4
2112,35834.8
2113,35851.4
2114,35869.6
2115,35884.4
2116,35898.9
2117,35917.4
2118,35936
2119,35950.8
2120,35968.6
2121,35983.6
2122,36001.8
2123,36018.6
2124,36033
2125,36049.6
2126,36067.3
2127,36084.9
2128,36106.4
2129,36116.8
2130,36132.9
2131,36150.7
2132,36165.8
2133,36182.8
2134,36199.8
2135,36216.6
2136,36233.1
2137,36251.3
2138,36268.3
2139,36284.6
2140,36300.3
2141,36318.4
2142,36334.1
2143,36350.3
2144,36365.8
2145,36384.2
2146,36401.9
2147,36415.8
2148,36432.9
2149,36451.3
2150,36467.6
2151,36486.5
2152,36503.1
2153,36515.1
2154,36533
2155,36551.2
2156,36565.6
2157,36583.9
2158,36599.6
2159,36616
2160,36633.8
2161,36651.6
2162,36665.7
2163,36685.3
2164,36700.8
2165,36715.3
2166,36732.9
2167,36750.5
2168,36765.1
2169,36783.3
2170,36799.9
2171,36816.7
2172,36834.5
2173,36850.5
2174,36868.2
2175,36887.5
2176,36901
2177,36915.1
2178,36932.8
2179,36948.5
2180,36965.6
2181,36983.2
2182,36998.6
2183,37016.2
2184,37031.8
2185,37049.4
2186,37067.6
2187,37083.3
2188,37100.7
2189,37114.4
2190,37132.6
2191,37149.9
2192,37166.9
2193,37182.8
2194,37199.8
2195,37216.7
2196,37233.6
2197,37250.2
2198,37265.9
2199,37286
2200,37301
2201,37315
2202,37333.3
2203,37348
2204,37364.9
2205,37381.8
2206,37399.5
2207,37415.5
2208,37433.3
2209,37448.1
2210,37466.4
2211,37483.4
2212,37504.8
2213,37519.1
2214,37535
2215,37551.1
2216,37565.1
2217,37585
2218,37598.1
2219,37616.7
2220,37631.1
2221,37648.7
2222,37668.3
2223,37688.5
2224,37708
2225,37724.4
2226,37734.6
2227,37749.6
2228,37770
2229,37782.8
2230,37797.6
2231,37815.8
2232,37831.3
2233,37848.6
2234,37866.8
2235,37882.6
2236,37897.6
2237,37916.7
2238,37931.1
2239,37948.3
2240,37966.1
2241,37980.7
2242,37998.8
2243,38016.5
2244,38030.5
2245,38048.3
2246,38065.4
2247,38081.5
2248,38099.5
2249,38113.8
2250,38131.8
2251,38148.2
2252,38164.3
2253,38181
2254,38197.8
2255,38215.1
2256,38233.6
2257,38248.4
2258,38264.9
2259,38285.3
2260,38298.6
2261,38316.5
2262,38330.9
2263,38349
2264,38365.1
2265,38382.4
2266,38395.9
2267,38414.6
2268,38432.2
2269,38447.8
2270,38465.7
2271,38481.5
2272,38498.5
2273,38516.6
2274,38530.9
2275,38548.6
2276,38564.3
2277,38582.3
2278,38599.1
2279,38615.6
2280,38633.4
2281,38646.6
2282,38665.1
2283,38682.2
2284,38697.9
2285,38716.8
2286,38729.8
2287,38747.8
2288,38765.1
2289,38780.6
2290,38798.4
2291,38813.3
2292,38831.1
2293,38849.4
2294,38863.2
2295,38881.5
2296,38901.3
2297,38913.9
2298,38931.4
2299,38948.2
2300,38964.2
2301,38980.2
2302,38998.3
2303,39013.2
2304,39031.5
2305,39048.1
2306,39063.9
2307,39083.4
2308,39098.9
2309,39113.4
2310,39130.8
2311,39147.8
2312,39163.9
2313,39181.8
2314,39197.3
2315,39217.3
2316,39231.5
2317,39245.8
2318,39264.5
2319,39283.5
2320,39300.9
2321,39318.3
2322,39331.4
2323,39347.6
2324,39362.6
2325,39380.6
2326,39397.7
2327,39417.8
2328,39430.3
2329,39447.4
2330,39464.2
2331,39481.4
2332,39496.1
2333,39513.2
2334,39531.5
2335,39547.5
2336,39562.4
2337,39580.7
2338,39597.2
2339,39614.7
2340,39629.5
2341,39647.4
2342,39663.6
2343,39680.7
2344,39697.5
2345,39713.9
2346,39731.3
2347,39748.1
2348,39762.8
2349,39780.4
2350,39796.8
2351,39815.4
2352,39828.9
2353,39846.4
2354,39863.5
2355,39880.9
2356,39896.6
2357,39913.7
2358,39933.7
2359,39947.3
2360,39962.3
2361,39981
2362,39996.5
2363,40013.5
2364,40030
2365,40045.3
2366,40062.8
2367,40080.9
2368,40101.9
2369,40112.2
2370,40130.9
2371,40145.5
2372,40162.8
2373,40180.1
2374,40195.4
2375,40212.9
2376,40231.7
2377,40248.3
2378,40262.2
2379,40280.4
2380,40296.4
2381,40314.7
2382,40331.6
2383,40345.8
2384,40363.7
2385,40379.4
2386,40397
2387,40413.1
2388,40430.4
2389,40445.8
2390,40463.7
2391,40481.1
2392,40496.4
2393,40514.4
2394,40531.5
2395,40547.9
2396,40561.9
2397,40579.3
2398,40598.3
2399,40611.8
2400,40629.3
2401,40646.5
2402,40664
2403,40679.4
2404,40697.7
2405,40715.1
2406,40728.9
2407,40746.9
2408,40764.7
2409,40780.7
2410,40794
2411,40814.4
2412,40828.5
2413,40847.4
2414,40862
2415,40880.3
2416,40896.8
2417,40912.5
2418,40928.8
2419,40945.2
2420,40963
2421,40977.8
2422,40995.4
2423,41011.6
2424,41029.4
2425,41045.9
2426,41061.4
2427,41079
2428,41099.2
2429,41115.6
2430,41128.9
2431,41148.5
2432,41161.7
2433,41179
2434,41194.9
2435,41212.7
2436,41227.2
2437,41244.1
2438,41262.1
2439,41279.1
2440,41297.3
2441,41310.7
2442,41329.7
2443,41345.9
2444,41362.9
2445,41377.2
2446,41394.8
2447,41413
2448,41427.2
2449,41445.7
2450,41461.5
2451,41480.3
2452,41499.3
2453,41513.1
2454,41530.6
2455,41546.9
2456,41561
2457,41578
2458,41595.1
2459,41611.2
2460,41628.6
2461,41646.2
2462,41660.8
2463,41677.5
2464,41697.8
2465,41710.9
2466,41729.3
2467,41743.8
2468,41761.7
2469,41778.4
2470,41794.1
2471,41811.7
2472,41827.5
2473,41844.9
2474,41860.4
2475,41877.6
2476,41895.8
2477,41917
2478,41930.8
2479,41949.9
2480,41964.9
2481,41986.2
2482,41995
2483,42011.4
2484,42027.3
2485,42044.9
2486,42060.6
2487,42078.5
2488,42098.1
2489,42112.9
2490,42128.9
2491,42143.2
2492,42162.4
2493,42179.5
2494,42193.4
2495,42212.1
2496,42228.2
2497,42245.5
2498,42260.6
2499,42278.5
2500,42295.1
2501,42309.9
2502,42329.1
2503,42345
2504,42362.5
2505,42375.9
2506,42395.7
2507,42409.9
2508,42427.6
2509,42444.3
2510,42461.5
2511,42476.9
2512,42496.8
2513,42512.4
2514,42528.3
2515,42544
2516,42562.2
2517,42576.1
2518,42594.1
2519,42610
2520,42627.7
2521,42643.4
2522,42661.6
2523,42675.9
2524,42695.7
2525,42709.3
2526,42726.1
2527,42744.5
2528,42759.4
2529,42777
2530,42793.3
2531,42811.9
2532,42827.3
2533,42844.3
2534,42862.2
2535,42876.2
2536,42894.2
2537,42912.9
2538,42930.2
2539,42944.5
2540,42961.4
2541,42976.3
2542,42996.9
2543,43011.6
2544,43026.5
2545,43044.2
2546,43061.3
2547,43076.6
2548,43095.8
2549,43111.5
2550,43129.3
2551,43143.3
2552,43159.4
2553,43176.6
2554,43194.5
2555,43208.8
2556,43226.9
2557,43243.5
2558,43260.1
2559,43277.7
2560,43296.3
2561,43311.8
2562,43329.1
2563,43342.4
2564,43359.7
2565,43380.7
2566,43395.3
2567,43409.3
2568,43426.5
2569,43444.1
2570,43459.8
2571,43477.3
2572,43495.3
2573,43512.9
2574,43526.2
2575,43546.2
2576,43558.9
2577,43576.8
2578,43593
2579,43611.1
2580,43625.4
2581,43644
2582,43660.1
2583,43677.4
2584,43694
2585,43710.8
2586,43726.1
2587,43743.4
2588,43759.8
2589,43775.9
2590,43793.3
2591,43808.8
2592,43826.5
2593,43843.1
2594,43861.7
2595,43876.9
2596,43894.1
2597,43911.8
2598,43925.7
2599,43943.1
2600,43958.6
2601,43976
2602,43993.9
2603,44008.6
2604,44025.7
2605,44043.3
2606,44060.3
2607,44077.8
2608,44092.7
2609,44110.6
2610,44126.1
2611,44143.3
2612,44160.2
2613,44174.2
2614,44192.7
2615,44210
2616,44225
2617,44242.8
2618,44260.6
2619,44275.1
2620,44293.8
2621,44310.4
2622,44325.8
2623,44344.3
2624,44358.2
2625,44376.3
2626,44393.4
2627,44410.4
2628,44426.1
2629,44442.7
2630,44459.6
2631,44476.8
2632,44493
2633,44508.7
2634,44527
2635,44542.1
2636,44559.5
2637,44576.4
2638,44590.9
2639,44608.6
2640,44626
2641,44643.4
2642,44656.9
2643,44676.1
2644,44694.1
2645,44708.8
2646,44726.2
2647,44742.8
2648,44758
2649,44776.5
2650,44792
2651,44809.5
2652,44826.1
2653,44840.7
2654,44857
2655,44875
2656,44894.4
2657,44927.4
2658,44957.8
2659,44985.8
2660,44995.1
2661,45026.4
2662,45049.1
2663,45062.5
2664,45075.8
2665,45094.3
2666,45110.1
2667,45127.3
2668,45139.7
2669,45157.4
2670,45175.1
2671,45192.6
2672,45207
2673,45224.5
2674,45242.9
2675,45257.2
2676,45275.2
2677,45293.8
2678,45307.7
2679,45326.2
2680,45343.3
2681,45356.7
2682,45373.2
2683,45392.2
2684,45407.3
2685,45425.5
2686,45443
2687,45456.3
2688,45475
2689,45492.2
2690,45508.1
2691,45525.7
2692,45541.3
2693,45560.2
2694,45574.5
2695,45591.1
2696,45609
2697,45623.9
2698,45640.9
2699,45657.9
2700,45675.1
2701,45694.9
2702,45709
2703,45723.6
2704,45740.6
2705,45758.7
2706,45775.8
2707,45790.3
2708,45807.6
2709,45824.4
2710,45843.4
2711,45857.7
2712,45876
2713,45891.4
2714,45911.3
2715,45926.3
2716,45939.8
2717,45957.7
2718,45976.3
2719,45989.6
2720,46007.8
2721,46023
2722,46041.2
2723,46059.3
2724,46075.3
2725,46091.2
2726,46111.9
2727,46130.9
2728,46144.8
2729,46157
2730,46174.5
2731,46190.1
2732,46206.6
2733,46224.8
2734,46242.5
2735,46257.6
2736,46276.3
2737,46292.3
2738,46310.6
2739,46323.4
2740,46342.2
2741,46356
2742,46372.7
2743,46390.3
2744,46408.9
2745,46422.9
2746,46440.5
2747,46456.7
2748,46473.1
2749,46490.7
2750,46509.1
2751,46523.4
2752,46541.4
2753,46556.9
2754,46574
2755,46593.1
2756,46607.6
2757,46628.8
2758,46640.9
2759,46660.1
2760,46672.4
2761,46691.2
2762,46706.4
2763,46724.6
2764,46739.4
2765,46756.6
2766,46773
2767,46790.6
2768,46807.4
2769,46822.8
2770,46841.2
2771,46856.2
2772,46873.5
2773,46891.3
2774,46905.7
2775,46923.5
2776,46940.7
2777,46955.9
2778,46972.2
2779,46989.2
2780,47006.7
2781,47022.6
2782,47041.5
2783,47055.4
2784,47072.6
2785,47090.5
2786,47107.8
2787,47124.2
2788,47137.8
2789,47156
2790,47174.1
2791,47188.6
2792,47206.6
2793,47222.5
2794,47239.1
2795,47256.3
2796,47272.4
2797,47290.7
2798,47306.9
2799,47325.2
2800,47339.2
2801,47357.7
2802,47371.6
2803,47388.8
2804,47406.3
2805,47424.4
2806,47437.7
2807,47455.9
2808,47472.8
2809,47491.6
2810,47507.8
2811,47521.5
2812,47539.7
2813,47556.6
2814,47573
2815,47588.6
2816,47605.2
2817,47622.7
2818,47641.2
2819,47655
2820,47672.5
2821,47689.4
2822,47706.1
2823,47722.9
2824,47739.1
2825,47756.1
2826,47772.8
2827,47789.3
2828,47807
2829,47823.6
2830,47837.2
2831,47854.8
2832,47872.4
2833,47889.8
2834,47907.8
2835,47923.7
2836,47940.5
2837,47956
2838,47973.5
2839,47990.3
2840,48006.8
2841,48021.1
2842,48038.8
2843,48055.7
2844,48072.9
2845,48088.9
2846,48107.5
2847,48124.3
2848,48138.9
2849,48156.6
2850,48170.2
2851,48188.4
2852,48206
2853,48222.8
2854,48237.2
2855,48255.7
2856,48272.8
2857,48290.8
2858,48305.6
2859,48323.5
2860,48338.4
2861,48356.6
2862,48371.6
2863,48389.2
2864,48406.5
2865,48421.3
2866,48439.7
2867,48454.4
2868,48472.7
2869,48490
2870,48507.1
2871,48521.6
2872,48539
2873,48554.1
2874,48571.3
2875,48590.3
2876,48604.4
2877,48622.3
2878,48637.8
2879,48656.3
2880,48670.9
2881,48689.2
2882,48708
2883,48720.5
2884,48738.8
2885,48756.2
2886,48772.7
2887,48787.3
2888,48805.8
2889,48820.3
2890,48837.7
2891,48854.8
2892,48872.4
2893,48889.4
2894,48908.7
2895,48921.6
2896,48939.8
2897,48953.5
2898,48971.4
2899,48988.9
2900,49003.5
2901,49020.6
2902,49038.3
2903,49054.1
2904,49071.8
2905,49089.3
2906,49108.2
2907,49121.1
2908,49137.1
2909,49154.2
2910,49171.7
2911,49186.3
2912,49204.5
2913,49222.5
2914,49237
2915,49256.9
2916,49271.4
2917,49288.7
2918,49307.4
2919,49319.6
2920,49337.1
2921,49354.2
2922,49370.1
2923,49386.5
2924,49404.5
2925,49421.6
2926,49438.4
2927,49452.6
2928,49473.2
2929,49487.2
2930,49507.3
2931,49521
2932,49537.5
2933,49555.7
2934,49569.9
2935,49587.1
2936,49604.9
2937,49619.5
2938,49638.2
2939,49652.9
2940,49671.4
2941,49689
2942,49709.9
2943,49718.6
2944,49737.6
2945,49753.8
2946,49771.4
2947,49786.7
2948,49805.2
2949,49821.7
2950,49836.2
2951,49854.8
2952,49871.3
2953,49887.1
2954,49905.9
2955,49922.1
2956,49937.6
2957,49956.4
2958,49969.4
2959,49987.3
2960,50004.4
2961,50021.5
2962,50037.4
2963,50053.5
2964,50070.8
2965,50088.2
2966,50108.6
2967,50120.6
2968,50137.4
2969,50152.7
2970,50170.1
2971,50188.3
2972,50205.3
2973,50219.1
2974,50237
2975,50255
2976,50269.8
2977,50288.5
2978,50304.9
2979,50320.3
2980,50337
2981,50354.4
2982,50369.7
2983,50386.8
2984,50405.9
2985,50419
2986,50436.5
2987,50454.3
2988,50471.5
2989,50487.9
2990,50506.4
2991,50520.6
2992,50537.4
2993,50553.8
2994,50570.1
2995,50586
2996,50602.3
2997,50619.6
2998,50637.3
2999,50653.8
3000,50668.6
3001,50686.4
3002,50703.5
3003,50720.6
3004,50736.6
3005,50753.1
3006,50771.4
3007,50785.1
3008,50803.4
3009,50820.1
3010,50837.2
3011,50854
3012,50870.1
3013,50887.6
3014,50903.8
3015,50922
3016,50935.6
3017,50953.9
3018,50969.2
3019,50986.4
3020,51002.1
3021,51020.1
3022,51037
3023,51053.7
3024,51068.3
3025,51086.5
3026,51104.3
3027,51126.3
3028,51141.1
3029,51154.1
3030,51170.4
3031,51188.6
3032,51203
3033,51220.7
3034,51236.3
3035,51254.6
3036,51271
3037,51290.5
3038,51309.5
3039,51323.8
3040,51342.4
3041,51358.6
3042,51370.7
3043,51385.6
3044,51402.3
3045,51421.2
3046,51435.5
3047,51452.9
3048,51470.3
3049,51485.9
3050,51503.7
3051,51519.6
3052,51534.8
3053,51553
3054,51568.3
3055,51586.7
3056,51602.1
3057,51617.5
3058,51636.9
3059,51653.8
3060,51668.5
3061,51686.9
3062,51703.5
3063,51721.1
3064,51734
3065,51752.3
3066,51769.6
3067,51784.4
3068,51803.3
3069,51817.4
3070,51834.4
3071,51852.9
3072,51868.8
3073,51886.9
3074,51907.6
3075,51921
3076,51936.8
3077,51951
3078,51970.4
3079,51984.4
3080,52002.4
3081,52021.6
3082,52034.4
3083,52053.4
3084,52072.9
3085,52085.7
3086,52101.8
3087,52120
3088,52134.1
3089,52151.8
3090,52168.4
3091,52184.9
3092,52201.8
3093,52217.4
3094,52234.2
3095,52252.5
3096,52267.1
3097,52285.1
3098,52302.7
3099,52320.4
3100,52334.2
3101,52351.9
3102,52365.9
3103,52383.8
3104,52401.7
3105,52419.9
3106,52433.7
3107,52450.3
3108,52466.5
3109,52485.4
3110,52503.2
3111,52522.1
3112,52533.9
3113,52551.8
3114,52569.1
3115,52583.8
3116,52601
3117,52617.3
3118,52636.3
3119,52650.9
3120,52668.8
3121,52684.5
3122,52702.9
3123,52721.8
3124,52736.1
3125,52750.3
3126,52767.8
3127,52784.3
3128,52801.7
3129,52816.5
3130,52834.9
3131,52849.9
3132,52868.4
3133,52883.2
3134,52901.7
3135,52922.3
3136,52933
3137,52951.6
3138,52966.3
3139,52984.5
3140,53002.2
3141,53017.4
3142,53034.5
3143,53052.6
3144,53066.5
3145,53084.3
3146,53103.6
3147,53119.5
3148,53133.6
3149,53152.1
3150,53165.9
3151,53183.6
3152,53200.9
3153,53217.2
3154,53233.4
3155,53250.5
3156,53268.9
3157,53282.5
3158,53301.5
3159,53318.8
3160,53333.6
3161,53351.3
3162,53366.4
3163,53384.6
3164,53402.3
3165,53417.1
3166,53436.4
3167,53451.9
3168,53466.8
3169,53485.7
3170,53499.8
3171,53518.3
3172,53534.9
3173,53549.3
3174,53569.2
3175,53582
3176,53600.3
3177,53617.1
3178,53633.9
3179,53649.4
3180,53668.8
3181,53684.9
3182,53700.3
3183,53717.9
3184,53734.4
3185,53749.4
3186,53768.6
3187,53781.7
3188,53798.6
3189,53815.7
3190,53834.1
3191,53852.1
3192,53867
3193,53882.6
3194,53901.1
3195,53917.6
3196,53933.9
3197,53949.2
3198,53966.8
3199,53982.8
3200,54000.3
3201,54016.6
3202,54033.4
3203,54051.4
3204,54065.7
3205,54083.4
3206,54100.8
3207,54121.9
3208,54132.2
3209,54148.4
3210,54165.2
3211,54182.9
3212,54199.9
3213,54215.4
3214,54234
3215,54249.4
3216,54266
3217,54284.2
3218,54300.9
3219,54318.1
3220,54332.8
3221,54349.7
3222,54365.9
3223,54382.2
3224,54400
3225,54417.3
3226,54431.3
3227,54448.9
3228,54464.9
3229,54482.2
3230,54499.1
3231,54518.9
3232,54532.3
3233,54550.1
3234,54565.1
3235,54582.6
3236,54598.8
3237,54615.8
3238,54634.4
3239,54648
3240,54665.6
3241,54682.9
3242,54701.4
3243,54721.4
3244,54732.2
3245,54749.8
3246,54766.5
3247,54783.2
3248,54797.8
3249,54815.1
3250,54833.2
3251,54849.5
3252,54866.8
3253,54881.4
3254,54899.5
3255,54917.5
3256,54931.1
3257,54950.8
3258,54964.3
3259,54982.5
3260,55000.5
3261,55014.6
3262,55033.9
3263,55047.8
3264,55068.7
3265,55082.8
3266,55101.4
3267,55115.5
3268,55133.4
3269,55147.7
3270,55165.7
3271,55181.5
3272,55198.1
3273,55215.8
3274,55233.7
3275,55247.6
3276,55265.4
3277,55283.4
3278,55298.4
3279,55317.7
3280,55331.1
3281,55348.8
3282,55365.5
3283,55380.7
3284,55398
3285,55414.4
3286,55432.3
3287,55449.6
3288,55466.5
3289,55480.9
3290,55498.4
3291,55518.3
3292,55531.7
3293,55549.3
3294,55566.4
3295,55580.5
3296,55598.7
3297,55616.4
3298,55631
3299,55649
3300,55666.1
3301,55680.3
3302,55698.6
3303,55721.5
3304,55732.5
3305,55748.7
3306,55763.6
3307,55783.9
3308,55797
3309,55815.8
3310,55830.6
3311,55848.3
3312,55864.8
3313,55882.5
3314,55900.9
3315,55915.1
3316,55935.9
3317,55947.7
3318,55965.3
3319,55982.2
3320,55997.4
3321,56015.4
3322,56032.6
3323,56049.3
3324,56063.8
3325,56082.3
3326,56101
3327,56122
3328,56131.1
3329,56148.2
3330,56164.1
3331,56180.6
3332,56198.2
3333,56213.7
3334,56231.1
3335,56248.1
3336,56266.1
3337,56280.7
3338,56297.8
3339,56317
3340,56331.6
3341,56346.4
3342,56364.1
3343,56381.8
3344,56396.7
3345,56414.6
3346,56432.1
3347,56448.8
3348,56463.8
3349,56481.8
3350,56500.2
3351,56515.1
3352,56531.2
3353,56547.3
3354,56566.2
3355,56579.8
3356,56598.3
3357,56613.4
3358,56632.4
3359,56646.4
3360,56663.4
3361,56681
3362,56698.5
3363,56714
3364,56732.3
3365,56746
3366,56765
3367,56780
3368,56797.9
3369,56812.6
3370,56829.8
3371,56846.8
3372,56864.8
3373,56878.9
3374,56897
3375,56917.5
3376,56929.8
3377,56946.7
3378,56964.5
3379,56980.2
3380,56997.1
3381,57014.2
3382,57031
3383,57045.5
3384,57062.1
3385,57080.3
3386,57097.1
3387,57114.6
3388,57134.1
3389,57146.3
3390,57162.7
3391,57179.5
3392,57198.6
3393,57212.4
3394,57229.6
3395,57248
3396,57262.6
3397,57280.4
3398,57296.7
3399,57317.1
3400,57331.7
3401,57346.4
3402,57364.5
3403,57381.2
3404,57395.3
3405,57412.7
3406,57429
3407,57446.9
3408,57462.1
3409,57480.4
3410,57496.4
3411,57517.9
3412,57531.2
3413,57549.4
3414,57563.2
3415,57580.3
3416,57595.4
3417,57613
3418,57630.9
3419,57645.6
3420,57662.9
3421,57679.4
3422,57696.5
3423,57713.7
3424,57728.9
3425,57749.3
3426,57763.5
3427,57779.7
3428,57797.5
3429,57814.2
3430,57830.4
3431,57845.3
3432,57863.2
3433,57881.1
3434,57895.4
3435,57914.2
3436,57929.1
3437,57948.7
3438,57962.7
3439,57980.7
3440,57995.3
3441,58013.3
3442,58032
3443,58048.7
3444,58062.2
3445,58081
3446,58094.4
3447,58114.5
3448,58129.7
3449,58146
3450,58162.7
3451,58178.6
3452,58195.9
3453,58213.2
3454,58230.3
3455,58244.2
3456,58262.1
3457,58280.2
3458,58297.5
3459,58313.9
3460,58328.6
3461,58347.1
3462,58361.2
3463,58379.3
3464,58396
3465,58411.6
3466,58429.2
3467,58446.1
3468,58463.3
3469,58480.8
3470,58494.5
3471,58513.2
3472,58530.5
3473,58545.1
3474,58563.4
3475,58579.5
3476,58596.2
3477,58611.4
3478,58632.7
3479,58646.4
3480,58660.5
3481,58677.9
3482,58696.1
3483,58713.6
3484,58729.7
3485,58748.3
3486,58765.5
3487,58778.5
3488,58794.7
3489,58812.2
3490,58829.2
3491,58845.3
3492,58862.6
3493,58876.8
3494,58895.7
3495,58911.9
3496,58931.8
3497,58944.9
3498,58962.3
3499,58977.3
3500,58995.6
3501,59013
3502,59026.4
3503,59044.5
3504,59061.4
3505,59080.1
3506,59093.9
3507,59112.3
3508,59131.7
3509,59149.2
3510,59162.4
3511,59177.2
3512,59194.9
3513,59211.5
3514,59228.2
3515,59244.1
3516,59260.8
3517,59278.5
3518,59294.2
3519,59312.8
3520,59326.9
3521,59345.2
3522,59361.4
3523,59378.7
3524,59394.3
3525,59412.8
3526,59427.7
3527,59445
3528,59462
3529,59479.3
3530,59494
3531,59512.9
3532,59527.3
3533,59547
3534,59561.2
3535,59578.9
3536,59594.3
3537,59611.6
3538,59628.4
3539,59645.9
3540,59660.8
3541,59678.9
3542,59696.5
3543,59711
3544,59730
3545,59746.5
3546,59760.9
3547,59778.5
3548,59795.7
3549,59812.2
3550,59826.7
3551,59844.8
3552,59861.8
3553,59877.9
3554,59893.6
3555,59910.4
3556,59930.6
3557,59945.5
3558,59959.7
3559,59977.4
3560,59993.4
3561,60011.6
3562,60027.1
3563,60045.9
3564,60062.4
3565,60076.8
3566,60094.9
3567,60113.6
3568,60127.2
3569,60144.2
3570,60160.1
3571,60180.5
3572,60192.9
3573,60212.8
3574,60226
3575,60243.1
3576,60259.9
3577,60277.5
3578,60294.9
3579,60309.7
3580,60328.2
3581,60344.6
3582,60361.5
3583,60374.9
3584,60394.4
3585,60410.7
3586,60426.4
3587,60444.3
3588,60462.3
3589,60480.8
3590,60493.6
3591,60512.4
3592,60531.6
3593,60545.5
3594,60559.6
3595,60576
3596,60594.6
3597,60611.7
3598,60625.7
3599,60643.5
3600,60660.6
3601,60675.6
3602,60697.2
3603,60709.9
3604,60729.7
3605,60742.9
3606,60761.5
3607,60776.1
3608,60794.3
3609,60810.1
3610,60828
3611,60842.7
3612,60859.6
3613,60877.1
3614,60895.6
3615,60908.6
3616,60928
3617,60944.7
3618,60958.8
3619,60975.8
3620,60993.6
3621,61010.9
3622,61026.4
3623,61044.1
3624,61061.6
3625,61075.8
3626,61093.6
3627,61114
3628,61130.6
3629,61142.3
3630,61161.2
3631,61175.8
3632,61193.3
3633,61212.4
3634,61226.2
3635,61242.8
3636,61261.2
3637,61276.3
3638,61292
3639,61309.5
3640,61329.5
3641,61345
3642,61359.4
3643,61376.7
3644,61394.2
3645,61413.1
3646,61425.8
3647,61443.1
3648,61460.2
3649,61477.5
3650,61492.8
3651,61509.2
3652,61531.1
3653,61543.1
3654,61559.7
3655,61575.5
3656,61592.6
3657,61609.2
3658,61625.7
3659,61642.6
3660,61658.6
3661,61676.3
3662,61692.4
3663,61709.8
3664,61729.1
3665,61742.7
3666,61759.4
3667,61775.5
3668,61792.2
3669,61809.6
3670,61825.8
3671,61842.8
3672,61857.6
3673,61875
3674,61892.6
3675,61909.5
3676,61930.4
3677,61948.2
3678,61957.6
3679,61976.7
3680,61992.8
3681,62009.5
3682,62027.2
3683,62041.3
3684,62059.8
3685,62077.1
3686,62091.8
3687,62108.3
3688,62125.6
3689,62142.9
3690,62158.4
3691,62175.6
3692,62192.8
3693,62207.5
3694,62226
3695,62243.4
3696,62261
3697,62276.5
3698,62291.6
3699,62309.9
3700,62330.2
3701,62343.6
3702,62357.6
3703,62375.4
3704,62393.2
3705,62408.5
3706,62426.1
3707,62441.8
3708,62457.9
3709,62475
3710,62493.3
3711,62507.6
3712,62527.7
3713,62542.1
3714,62560.4
3715,62574.6
3716,62591.9
3717,62607.6
3718,62624.6
3719,62642.8
3720,62660.7
3721,62673.8
3722,62692.2
3723,62707.3
3724,62725.9
3725,62744.4
3726,62760.8
3727,62774.2
3728,62791.3
3729,62808.1
3730,62825.7
3731,62842.6
3732,62858.3
3733,62876.2
3734,62892.2
3735,62910.4
3736,62926.3
3737,62940.7
3738,62958
3739,62975.3
3740,62991.2
3741,63007.6
3742,63024.7
3743,63041.7
3744,63058.7
3745,63073.7
3746,63092
3747,63108.6
3748,63124.9
3749,63142.6
3750,63159.2
3751,63174
3752,63191.8
3753,63208.1
3754,63226
3755,63240.3
3756,63258.7
3757,63280.9
3758,63290.1
3759,63307.3
3760,63324.9
3761,63341
3762,63358.4
3763,63373.6
3764,63390.6
3765,63408.7
3766,63423.7
3767,63441.3
3768,63459
3769,63473.9
3770,63491.4
3771,63508.4
3772,63524.6
3773,63543.4
3774,63556.8
3775,63575.3
3776,63590.2
3777,63607.3
3778,63624.2
3779,63640.1
3780,63658.7
3781,63672.9
3782,63691.4
3783,63710.9
3784,63729
3785,63743.4
3786,63759.3
3787,63775.3
3788,63789.4
3789,63806.6
3790,63824.1
3791,63840.8
3792,63857.4
3793,63873.4
3794,63890.8
3795,63907.8
3796,63924.8
3797,63941.6
3798,63959.6
3799,63975.2
3800,63990.2
3801,64006.8
3802,64024.6
3803,64041.4
3804,64056.1
3805,64072.8
3806,64091
3807,64107.5
3808,64123.7
3809,64142
3810,64157.1
3811,64173.7
3812,64189
3813,64206.8
3814,64224.5
3815,64239.2
3816,64257.5
3817,64275.4
3818,64289.6
3819,64308
3820,64326.2
3821,64338.9
3822,64360.7
3823,64372.6
3824,64389.7
3825,64406.6
3826,64424
3827,64439.2
3828,64457.6
3829,64473.9
3830,64492.2
3831,64506.8
3832,64525.8
3833,64539.3
3834,64557.9
3835,64572.1
3836,64589.3
3837,64606.2
3838,64622.4
3839,64640.5
3840,64658
3841,64672.6
3842,64690.3
3843,64705.6
3844,64723.5
3845,64739.8
3846,64758.2
3847,64775.4
3848,64788.8
3849,64805.6
3850,64823.8
3851,64838.9
3852,64855.9
3853,64873.1
3854,64890.1
3855,64908.3
3856,64925.7
3857,64938.6
3858,64956.9
3859,64972.8
3860,64990.3
3861,65006.9
3862,65022
3863,65040.3
3864,65056.8
3865,65073.3
3866,65090.7
3867,65105.2
3868,65123.8
3869,65140.6
3870,65155.1
3871,65173.5
3872,65186.9
3873,65204.9
3874,65223.2
3875,65238.7
3876,65256.5
3877,65274.9
3878,65289
3879,65306.1
3880,65323.6
3881,65338.2
3882,65358.7
3883,65372.6
3884,65389.2
3885,65404.3
3886,65422.3
3887,65438.4
3888,65456.4
3889,65471.4
3890,65489.6
3891,65506.9
3892,65522.2
3893,65539.7
3894,65557
3895,65573
3896,65590.3
3897,65604.7
3898,65622.8
3899,65639.9
3900,65657.2
3901,65671.7
3902,65690.3
3903,65704.7
3904,65722.5
3905,65744.3
3906,65754.8
3907,65773.5
3908,65788.7
3909,65808.7
3910,65820.9
3911,65839.4
3912,65854.4
3913,65872.7
3914,65888
3915,65905.5
3916,65922.9
3917,65944.8
3918,65953.9
3919,65972.7
3920,65989.2
3921,66004.6
3922,66022.5
3923,66036.9
3924,66054.8
3925,66073.5
3926,66088.9
3927,66106.3
3928,66120.8
3929,66142.3
3930,66155
3931,66173.2
3932,66187.4
3933,66204.2
3934,66221
3935,66239.3
3936,66255.3
3937,66273.8
3938,66287.8
3939,66308.4
3940,66324.9
3941,66344.6
3942,66354.3
3943,66371.9
3944,66387.7
3945,66405.4
3946,66422.1
3947,66439.2
3948,66453.9
3949,66471.2
3950,66488.9
3951,66505.1
3952,66521.7
3953,66540.7
3954,66553.9
3955,66572.7
3956,66587.7
3957,66604.7
3958,66621.4
3959,66639
3960,66654.8
3961,66672.6
3962,66687.8
3963,66705.1
3964,66723.3
3965,66738.4
3966,66755.6
3967,66769.8
3968,66786.5
3969,66803.3
3970,66821.2
3971,66838.4
3972,66855
3973,66872.2
3974,66888.2
3975,66905.2
3976,66919.7
3977,66943.6
3978,66952.7
3979,66969.1
3980,66986.6
3981,67005
3982,67021.3
3983,67038.4
3984,67054.8
3985,67071.4
3986,67088.7
3987,67105.2
3988,67122.3
3989,67139.4
3990,67156.2
3991,67170.4
3992,67187.7
3993,67203.4
3994,67219.7
3995,67237.4
3996,67254.9
3997,67271.8
3998,67288.5
3999,67303
4000,67323.9
4001,67338.7
4002,67354.9
4003,67372.2
4004,67386.4
4005,67404.1
4006,67421.1
4007,67436.9
4008,67453.5
4009,67471.3
4010,67486.4
4011,67504
4012,67520.1
4013,67540.7
4014,67553.2
4015,67570.4
4016,67586.4
4017,67602.8
4018,67619.4
4019,67637.8
4020,67653.3
4021,67670.6
4022,67686.5
4023,67704.4
4024,67719.8
4025,67739.2
4026,67753.5
4027,67771.4
4028,67788.1
4029,67802.3
4030,67820.9
4031,67837.2
4032,67852.4
4033,67871.5
4034,67886.7
4035,67903.4
4036,67922.2
4037,67938.1
4038,67953.1
4039,67974.2
4040,67987
4041,68003.6
4042,68019.5
4043,68036.5
4044,68054.7
4045,68070.7
4046,68087.6
4047,68104.4
4048,68120.8
4049,68139.1
4050,68154.2
4051,68169.3
4052,68186.4
4053,68203.8
4054,68220.7
4055,68236.2
4056,68253.6
4057,68268.9
4058,68285.6
4059,68303
4060,68320.2
4061,68338.6
4062,68353.7
4063,68368.9
4064,68386.5
4065,68403.7
4066,68419.5
4067,68435.5
4068,68454.1
4069,68471.9
4070,68487.6
4071,68502.4
4072,68519.6
4073,68536.6
4074,68554
4075,68568.8
4076,68587.5
4077,68601.6
4078,68619.6
4079,68636.6
4080,68653.7
4081,68670.8
4082,68685.2
4083,68703.2
4084,68720.5
4085,68739.7
4086,68752.6
4087,68769.1
4088,68787.5
4089,68806
4090,68818.8
4091,68838
4092,68850.6
4093,68869.8
4094,68885.3
4095,68902.4
4096,68919.6
4097,68939.9
4098,68951.5
4099,68969.7
4100,68985.2
4101,69003.2
4102,69019.9
4103,69035.6
4104,69053.6
4105,69067.8
4106,69086.1
4107,69102.5
4108,69117.8
4109,69138.6
4110,69152.3
4111,69168.1
4112,69185.6
4113,69202.6
4114,69218.1
4115,69235.8
4116,69251.8
4117,69268.6
4118,69284.8
4119,69301.5
4120,69317.9
4121,69336.7
4122,69358.8
4123,69384.2
4124,69401.3
4125,69424.9
4126,69443.8
4127,69461.7
4128,69484.3
4129,69506.6
4130,69524.5
4131,69540.2
4132,69559.1
4133,69569.2
4134,69585.7
4135,69602.8
4136,69616.6
4137,69634.5
4138,69654.4
4139,69671.6
4140,69686
4141,69702.3
4142,69717.8
4143,69736.2
4144,69751.4
4145,69769
4146,69784.4
4147,69802.3
4148,69817.1
4149,69835.8
4150,69853.8
4151,69868.9
4152,69884.1
4153,69901.5
4154,69918.6
4155,69935.4
4156,69951
4157,69968.4
4158,69986.2
4159,70000.1
4160,70016.8
4161,70034.3
4162,70051.1
4163,70069.1
4164,70084.1
4165,70102
4166,70118.7
4167,70135.4
4168,70152.3
4169,70168.5
4170,70186.5
4171,70200.4
4172,70217.4
4173,70234.7
4174,70251.5
4175,70267.2
4176,70284.4
4177,70302.1
4178,70319.2
4179,70335.3
4180,70351.4
4181,70368.7
4182,70385.7
4183,70401.6
4184,70418.2
4185,70433.4
4186,70453.5
4187,70467.1
4188,70485.5
4189,70499.7
4190,70517.7
4191,70536
4192,70550.6
4193,70570.2
4194,70585.7
4195,70600.2
4196,70617.4
4197,70636
4198,70649
4199,70667.3
4200,70684
4201,70701.5
4202,70716.9
4203,70736.9
4204,70752.7
4205,70768.4
4206,70783.2
4207,70801.8
4208,70816.9
4209,70835
4210,70853.3
4211,70867.9
4212,70886
4213,70899.8
4214,70919.2
4215,70934
4216,70954.5
4217,70967.7
4218,70984.2
4219,71001.6
4220,71016.4
4221,71034.4
4222,71051.6
4223,71066.9
4224,71085.1
4225,71101.4
4226,71117.5
4227,71134.3
4228,71153.3
4229,71167.4
4230,71186.3
4231,71199
4232,71218.3
4233,71232.6
4234,71250.6
4235,71267.8
4236,71283.6
4237,71301.8
4238,71317.7
4239,71333.8
4240,71351.3
4241,71369.8
4242,71383.1
4243,71401.7
4244,71416.4
4245,71434
4246,71449.8
4247,71465.5
4248,71485
4249,71498.8
4250,71516.5
4251,71534.8
4252,71551.7
4253,71566.5
4254,71584.3
4255,71599.2
4256,71617.8
4257,71633.3
4258,71651.7
4259,71670.5
4260,71683.8
4261,71700.7
4262,71717.1
4263,71734.7
4264,71754.4
4265,71766.6
4266,71783.1
4267,71800.7
4268,71817.8
4269,71834
4270,71850.5
4271,71869.2
4272,71882.2
4273,71901.5
4274,71916.8
4275,71933.3
4276,71949
4277,71966.7
4278,71983
4279,71998.3
4280,72016.9
4281,72033
4282,72049.6
4283,72066
4284,72083.3
4285,72099.5
4286,72117.9
4287,72132.1
4288,72152.6
4289,72167.3
4290,72181.6
4291,72199.3
4292,72214.8
4293,72232.5
4294,72249.6
4295,72264.7
4296,72282.6
4297,72299
4298,72316.9
4299,72335
4300,72349.9
4301,72365.5
4302,72382.4
4303,72399
4304,72416.5
4305,72433.8
4306,72448.5
4307,72466
4308,72482.1
4309,72500.5
4310,72514.2
4311,72532.1
4312,72550.9
4313,72567.8
4314,72582.3
4315,72599.8
4316,72616.4
4317,72633.3
4318,72648.2
4319,72665.7
4320,72684.3
4321,72698
4322,72715.5
4323,72733.2
4324,72750.6
4325,72764.8
4326,72782.7
4327,72797.6
4328,72815.4
4329,72831.5
4330,72848.9
4331,72864.7
4332,72882.2
4333,72899.4
4334,72915
4335,72934.8
4336,72949
4337,72977.1
4338,72987.2
4339,73000.5
4340,73019.3
4341,73030.9
4342,73048.3
4343,73065.2
4344,73082
4345,73098.9
4346,73116.2
4347,73132.6
4348,73153.9
4349,73165.4
4350,73181.3
4351,73198.8
4352,73215.3
4353,73232.5
4354,73247.8
4355,73264.5
4356,73282.2
4357,73299.5
4358,73314.9
4359,73332.8
4360,73350.9
4361,73368.2
4362,73381.1
4363,73398.6
4364,73415.9
4365,73432.6
4366,73447.6
4367,73465
4368,73482.1
4369,73498.5
4370,73516.2
4371,73532.6
4372,73550.8
4373,73564.3
4374,73582.5
4375,73599.3
4376,73613.7
4377,73632.1
4378,73648.8
4379,73664.1
4380,73682.1
4381,73699.6
4382,73713.9
4383,73731
4384,73752
4385,73763.9
4386,73781.8
4387,73799.4
4388,73812.7
4389,73830.9
4390,73848.1
4391,73863.8
4392,73882.6
4393,73896.5
4394,73914.8
4395,73936.7
4396,73957.6
4397,73971.6
4398,73990.5
4399,74003
4400,74023.7
4401,74032.9
4402,74049.1
4403,74066.4
4404,74084.6
4405,74106.2
4406,74116.3
4407,74133.7
4408,74150.2
4409,74164.1
4410,74182.4
4411,74196.6
4412,74213.6
4413,74230.9
4414,74248.7
4415,74262.5
4416,74280.6
4417,74296.9
4418,74315.1
4419,74329.5
4420,74348
4421,74363.9
4422,74382.4
4423,74397.8
4424,74412.7
4425,74430.5
4426,74449
4427,74462.7
4428,74479.9
4429,74497
4430,74513.8
4431,74531.3
4432,74545.9
4433,74564.5
4434,74581.7
4435,74598.7
4436,74612.3
4437,74630
4438,74647.6
4439,74663.2
4440,74682.6
4441,74696.3
4442,74714.1
4443,74729.2
4444,74749.1
4445,74763.5
4446,74782.5
4447,74796
4448,74813.7
4449,74830.9
4450,74846.2
4451,74863.4
4452,74881.2
4453,74897.6
4454,74913.2
4455,74931.6
4456,74946.4
4457,74967.4
4458,74981.4
4459,74998.6
4460,75013.2
4461,75030.4
4462,75045.6
4463,75062.6
4464,75080.1
4465,75096
4466,75113.3
4467,75130.4
4468,75149
4469,75166.5
4470,75178.7
4471,75196.8
4472,75214.1
4473,75228.7
4474,75250
4475,75262.4
4476,75280.8
4477,75295.3
4478,75312.7
4479,75329.9
4480,75348.6
4481,75363.2
4482,75382.3
4483,75395.6
4484,75413.3
4485,75428.6
4486,75446.4
4487,75465.2
4488,75479.4
4489,75496.3
4490,75514.4
4491,75528.6
4492,75546.8
4493,75564.9
4494,75579.4
4495,75597.7
4496,75613.6
4497,75629.4
4498,75645.3
4499,75663.2
4500,75678.5
4501,75696.4
4502,75714.1
4503,75731.2
4504,75747.6
4505,75762
4506,75780.5
4507,75795.4
4508,75813
4509,75828.8
4510,75846.5
4511,75861.6
4512,75879
4513,75895.5
4514,75913.1
4515,75928.7
4516,75948.4
4517,75965.1
4518,75981.6
4519,75994.8
4520,76012.3
4521,76029.8
4522,76046
4523,76063.5
4524,76078.5
4525,76097.4
4526,76111.4
4527,76129.8
4528,76148.4
4529,76163.5
4530,76182.4
4531,76195.8
4532,76211.6
4533,76229.9
4534,76247.3
4535,76261.1
4536,76278.4
4537,76295.3
4538,76311.3
4539,76328.3
4540,76346.4
4541,76362.1
4542,76379.5
4543,76394.3
4544,76412.4
4545,76428.7
4546,76446.1
4547,76463.3
4548,76478.2
4549,76497.5
4550,76512.1
4551,76529.6
4552,76544.8
4553,76563.7
4554,76579.8
4555,76594.6
4556,76611.3
4557,76628.8
4558,76646.5
4559,76662.4
4560,76679.5
4561,76697.1
4562,76710.4
4563,76727.8
4564,76746.5
4565,76763.2
4566,76777.7
4567,76796.8
4568,76811.4
4569,76829.8
4570,76846.1
4571,76861.5
4572,76879.2
4573,76894
4574,76911.3
4575,76929.4
4576,76944.4
4577,76964.5
4578,76977.5
4579,76996
4580,77010.6
4581,77028.7
4582,77044
4583,77062.2
4584,77077.5
4585,77095.2
4586,77113.1
4587,77130.3
4588,77145.1
4589,77168.2
4590,77182.3
4591,77195
4592,77212.9
4593,77226.6
4594,77244.6
4595,77262
4596,77278.9
4597,77294.5
4598,77313.1
4599,77329.2
4600,77345.2
4601,77360.8
4602,77379.8
4603,77395.1
4604,77412.5
4605,77428.6
4606,77446.2
4607,77460.1
4608,77478.8
4609,77494.5
4610,77512.8
4611,77526.4
4612,77545
4613,77561.5
4614,77579.4
4615,77593.2
4616,77611.3
4617,77628.4
4618,77643.6
4619,77661.4
4620,77678
4621,77693.3
4622,77711
4623,77727.7
4624,77744.2
4625,77765.1
4626,77776.8
4627,77795.9
4628,77809.9
4629,77826.8
4630,77844.8
4631,77861.8
4632,77879.2
4633,77893.6
4634,77912.8
4635,77926.8
4636,77944.3
4637,77963.2
4638,77979.7
4639,77993.1
4640,78016.6
4641,78030.3
4642,78043.7
4643,78060.4
4644,78079.1
4645,78093.3
4646,78112.2
4647,78130.6
4648,78143.5
4649,78164.3
4650,78176.8
4651,78196.3
4652,78210
4653,78233
4654,78247.2
4655,78265
4656,78281.6
4657,78293.3
4658,78311.2
4659,78326.3
4660,78344.1
4661,78364.9
4662,78380
4663,78393.6
4664,78410.9
4665,78428.3
4666,78442.6
4667,78460.4
4668,78478.6
4669,78492.5
4670,78511.5
4671,78527.4
4672,78545.3
4673,78563.2
4674,78578.2
4675,78593
4676,78610.3
4677,78628.2
4678,78642.9
4679,78660
4680,78676.1
4681,78694
4682,78709.8
4683,78727.3
4684,78742.6
4685,78761
4686,78778
4687,78792.7
4688,78810.6
4689,78825.6
4690,78842.4
4691,78859.5
4692,78876.8
4693,78892.2
4694,78910.3
4695,78928
4696,78942.1
4697,78961.7
4698,78976.7
4699,78992.1
4700,79009.5
4701,79029
4702,79042.3
4703,79061.4
4704,79075.8
4705,79093.6
4706,79110.9
4707,79128.9
4708,79142
4709,79160.3
4710,79178.6
4711,79196.9
4712,79209.7
4713,79227.5
4714,79242.2
4715,79260.8
4716,79275.4
4717,79292.8
4718,79309.8
4719,79326.9
4720,79342.7
4721,79360.8
4722,79377.6
4723,79395.1
4724,79411.4
4725,79426.5
4726,79443.5
4727,79460.7
4728,79475.7
4729,79493.3
4730,79508.4
4731,79527.9
4732,79542.7
4733,79562
4734,79575.8
4735,79594.7
4736,79608.3
4737,79626.3
4738,79642.1
4739,79659.5
4740,79677
4741,79693.1
4742,79709.3
4743,79726.8
4744,79741.8
4745,79759.7
4746,79775.5
4747,79793.6
4748,79810.6
4749,79827.7
4750,79841.4
4751,79859
4752,79876.7
4753,79891.7
4754,79908.9
4755,79925.9
4756,79942
4757,79961.2
4758,79974.3
4759,79993.5
4760,80010.7
4761,80025.7
4762,80044.1
4763,80059.1
4764,80074.8
4765,80093.4
4766,80108.1
4767,80126.7
4768,80141.7
4769,80159.5
4770,80176.9
4771,80192.8
4772,80208.1
4773,80225.1
4774,80241.8
4775,80259.4
4776,80274.6
4777,80291.2
4778,80308.9
4779,80324.4
4780,80342.5
4781,80359.5
4782,80374.5
4783,80392.2
4784,80408.7
4785,80424.2
4786,80442.2
4787,80459.6
4788,80473.7
4789,80492.6
4790,80507
4791,80524.8
4792,80542.2
4793,80559.5
4794,80574.8
4795,80591.3
4796,80609.1
4797,80624.3
4798,80641.5
4799,80658.2
4800,80675.5
4801,80692.3
4802,80708.8
4803,80724.1
4804,80741.9
4805,80760.3
4806,80773.6
4807,80791.2
4808,80808.8
4809,80825
4810,80842.1
4811,80857
4812,80874.3
4813,80893.8
4814,80907.9
4815,80925.4
4816,80941.4
4817,80959
4818,80976.1
4819,80992.6
4820,81007.1
4821,81024.9
4822,81040.7
4823,81058.7
4824,81074.1
4825,81094.3
4826,81106.7
4827,81125.4
4828,81140.2
4829,81159.3
4830,81174.1
4831,81192.4
4832,81206.7
4833,81227.3
4834,81239.8
4835,81258.5
4836,81274.2
4837,81293.3
4838,81307.3
4839,81326.3
4840,81343.1
4841,81358.6
4842,81376.4
4843,81390.6
4844,81408.8
4845,81424.6
4846,81442.3
4847,81456.3
4848,81473
4849,81491.1
4850,81507
4851,81526.5
4852,81540.2
4853,81558.1
4854,81574.6
4855,81590.5
4856,81605.8
4857,81623.9
4858,81639.9
4859,81657.4
4860,81674.4
4861,81689.6
4862,81707.4
4863,81724.1
4864,81744.5
4865,81757.7
4866,81772.4
4867,81791
4868,81806.5
4869,81824.7
4870,81839.3
4871,81856.8
4872,81873.1
4873,81890.4
4874,81906.7
4875,81923.1
4876,81941.3
4877,81957.1
4878,81975.6
4879,81991.3
4880,82007.4
4881,82022.7
4882,82040.8
4883,82057.3
4884,82073.7
4885,82092
4886,82105
4887,82124.8
4888,82143.7
4889,82162.5
4890,82181
4891,82191
4892,82207.1
4893,82224.9
4894,82239.5
4895,82257.2
4896,82274.1
4897,82289.7
4898,82304.3
4899,82322
4900,82340.2
4901,82358.3
4902,82374.5
4903,82390.4
4904,82405.5
4905,82423.7
4906,82438.9
4907,82456.2
4908,82473.7
4909,82490.7
4910,82506.6
4911,82523.2
4912,82539.6
4913,82556.4
4914,82575.3
4915,82589.2
4916,82606.7
4917,82625.9
4918,82640.2
4919,82659.4
4920,82673.9
4921,82691
4922,82705
4923,82723.6
4924,82740.1
4925,82756.7
4926,82773.6
4927,82793.8
4928,82807.8
4929,82821.9
4930,82840.9
4931,82854.2
4932,82873
4933,82890.6
4934,82905.3
4935,82923
4936,82941.2
4937,82957.3
4938,82977.1
4939,82989.9
4940,83005.2
4941,83022.6
4942,83039.4
4943,83055.2
4944,83074.2
4945,83092.3
4946,83105
4947,83122.8
4948,83141.5
4949,83157.9
4950,83173.7
4951,83191.2
4952,83206.4
4953,83224.3
4954,83238.2
4955,83256.6
4956,83273.2
4957,83289.6
4958,83305.9
4959,83323
4960,83338.6
4961,83356
4962,83373.6
4963,83389.4
4964,83405.5
4965,83422.3
4966,83440.9
4967,83454.6
4968,83472.6
4969,83490.3
4970,83505.4
4971,83524.5
4972,83539
4973,83556.7
4974,83572.3
4975,83590.6
4976,83606.8
4977,83621
4978,83638.5
4979,83655.1
4980,83672.2
4981,83689.1
4982,83706.5
4983,83720.2
4984,83737.7
4985,83756.1
4986,83776.2
4987,83787.8
4988,83805.3
4989,83822.9
4990,83840.2
4991,83856
4992,83872
4993,83889.9
4994,83904.5
4995,83921.5
4996,83940.5
4997,83956
4998,83973.7
4999,83987.7
5000,84006.6
5001,84023.5
5002,84039.1
5003,84054.9
5004,84072
5005,84089.7
5006,84106.6
5007,84123.1
5008,84138.6
5009,84154.4
5010,84173.6
5011,84187
5012,84205.9
5013,84223.2
5014,84237.5
5015,84256.6
5016,84272
5017,84288.9
5018,84304.2
5019,84322.8
5020,84337
5021,84356.4
5022,84372.2
5023,84389
5024,84404.9
5025,84420.7
5026,84439.1
5027,84456.3
5028,84475.1
5029,84486.7
5030,84509.8
5031,84523.8
5032,84538.8
5033,84557.7
5034,84571.1
5035,84592.3
5036,84611.3
5037,84629.7
5038,84645.1
5039,84658.3
5040,84673
5041,84690.2
5042,84707.9
5043,84722.1
5044,84739.7
5045,84753.6
5046,84774.1
5047,84790.2
5048,84806.5
5049,84821.6
5050,84840
5051,84856.8
5052,84871.3
5053,84889.8
5054,84904.5
5055,84920.6
5056,84937.9
5057,84953.5
5058,84974.1
5059,84987.7
5060,85004.5
5061,85021.4
5062,85038.2
5063,85055.3
5064,85070.7
5065,85090.6
5066,85105.7
5067,85120.6
5068,85141
5069,85156.9
5070,85170.6
5071,85187.9
5072,85204.5
5073,85222.2
5074,85237.4
5075,85255.4
5076,85269.5
5077,85288.1
5078,85306.7
5079,85321.4
5080,85341.6
5081,85355
5082,85378.8
5083,85388
5084,85406.1
5085,85423.6
5086,85437.7
5087,85455.5
5088,85471.5
5089,85487
5090,85505.5
5091,85520
5092,85538.6
5093,85554.4
5094,85572
5095,85588.1
5096,85602.2
5097,85621.8
5098,85637.5
5099,85656.8
5100,85669
5101,85686.5
5102,85704.6
5103,85719.8
5104,85736.5
5105,85753.5
5106,85772.9
5107,85789.2
5108,85803.4
5109,85820.8
5110,85836.9
5111,85853.5
5112,85872.5
5113,85885.7
5114,85904.3
5115,85919.8
5116,85936
5117,85954.1
5118,85971.4
5119,85990.5
5120,86004.3
5121,86019.3
5122,86036.7
5123,86054
5124,86069.1
5125,86088
5126,86103.3
5127,86121.5
5128,86137.6
5129,86152.8
5130,86173.5
5131,86185.3
5132,86202
5133,86220.1
5134,86238.5
5135,86254.2
5136,86272.3
5137,86286.8
5138,86305.3
5139,86321.2
5140,86336.2
5141,86354.2
5142,86371.7
5143,86390.7
5144,86405.9
5145,86421.8
5146,86435.5
5147,86453.3
5148,86471.3
5149,86486.1
5150,86503.8
5151,86519.5
5152,86535.6
5153,86553
5154,86572
5155,86585.6
5156,86603.6
5157,86618.7
5158,86636.2
5159,86653.5
5160,86667.9
5161,86686.9
5162,86702.8
5163,86720.3
5164,86734.8
5165,86752.7
5166,86770.7
5167,86788.2
5168,86806.8
5169,86818.8
5170,86837.4
5171,86851.5
5172,86870.4
5173,86884.9
5174,86904
5175,86919
5176,86937.4
5177,86952.6
5178,86969.2
5179,86987.9
5180,87002
5181,87018.7
5182,87036.7
5183,87051.8
5184,87070.1
5185,87085.7
5186,87102
5187,87120.2
5188,87135.3
5189,87154.3
5190,87169.6
5191,87187.6
5192,87202.7
5193,87219.4
5194,87235.4
5195,87252.8
5196,87270.4
5197,87284.6
5198,87303.2
5199,87317.7
5200,87336.8
5201,87350.7
5202,87369.4
5203,87388.3
5204,87401.8
5205,87420.1
5206,87434
5207,87451.7
5208,87469.5
5209,87486.9
5210,87501.3
5211,87519.3
5212,87536.4
5213,87553.2
5214,87569.4
5215,87590.2
5216,87600.5
5217,87618.1
5218,87635.4
5219,87653.3
5220,87667.2
5221,87685.9
5222,87703.2
5223,87717.5
5224,87735.4
5225,87752.8
5226,87768.1
5227,87784.6
5228,87802.9
5229,87817.3
5230,87835.2
5231,87851.4
5232,87868.5
5233,87886
5234,87901.4
5235,87919.3
5236,87935
5237,87952.9
5238,87968.1
5239,87986.5
5240,88000.6
5241,88019.3
5242,88034.2
5243,88051.9
5244,88066.8
5245,88084.3
5246,88101.9
5247,88119.8
5248,88133.6
5249,88151
5250,88171.4
5251,88188.4
5252,88201.5
5253,88217.3
5254,88234.3
5255,88251.2
5256,88269
5257,88283.4
5258,88302.2
5259,88318.4
5260,88335.5
5261,88350.5
5262,88368.7
5263,88386.4
5264,88400.4
5265,88419.1
5266,88433.3
5267,88451.2
5268,88468.6
5269,88483.2
5270,88501.8
5271,88518.5
5272,88533.8
5273,88551.3
5274,88569.2
5275,88584.6
5276,88601.1
5277,88618.1
5278,88635.9
5279,88652.6
5280,88666.3
5281,88683.5
5282,88701.2
5283,88719.1
5284,88733.2
5285,88751.9
5286,88766.4
5287,88787.1
5288,88800.9
5289,88819.4
5290,88833.6
5291,88851
5292,88868.1
5293,88885.5
5294,88900.6
5295,88918.6
5296,88933.1
5297,88951.4
5298,88967.8
5299,88988.1
5300,89001.8
5301,89018.8
5302,89035.6
5303,89049.9
5304,89068.7
5305,89083
5306,89100.9
5307,89118.5
5308,89134.2
5309,89151.5
5310,89170.3
5311,89186.9
5312,89200
5313,89217.4
5314,89233.1
5315,89250.5
5316,89268.9
5317,89285.9
5318,89299.1
5319,89318.1
5320,89332.5
5321,89352.2
5322,89365.6
5323,89384.7
5324,89400.5
5325,89418.2
5326,89434.4
5327,89450.5
5328,89472.9
5329,89488.3
5330,89503.2
5331,89518.1
5332,89535.3
5333,89554.2
5334,89567.2
5335,89585.3
5336,89601.1
5337,89619.9
5338,89633.2
5339,89651.3
5340,89667.6
5341,89684.8
5342,89699
5343,89715.7
5344,89733.5
5345,89751
5346,89765.7
5347,89783.8
5348,89803.8
5349,89816
5350,89833.4
5351,89849
5352,89867
5353,89883.8
5354,89902.1
5355,89915.3
5356,89932.7
5357,89950.7
5358,89967.5
5359,89983.8
5360,90001.7
5361,90015.4
5362,90032.8
5363,90050.6
5364,90065.8
5365,90083.5
5366,90098.9
5367,90117.1
5368,90133.6
5369,90148.5
5370,90169
5371,90185
5372,90198.2
5373,90221.1
5374,90233.5
5375,90252.6
5376,90265.9
5377,90284.8
5378,90299.4
5379,90316.4
5380,90333.4
5381,90348.9
5382,90366.2
5383,90384.8
5384,90399.4
5385,90417.1
5386,90432.7
5387,90449.8
5388,90465
5389,90483.5
5390,90501.1
5391,90515.1
5392,90535.2
5393,90550.1
5394,90565.7
5395,90582.5
5396,90604.8
5397,90614.7
5398,90636.2
5399,90648.6
5400,90665.8
5401,90682
5402,90698.5
5403,90717
5404,90732.3
5405,90749.8
5406,90764.9
5407,90782
5408,90799.5
5409,90815.7
5410,90834
5411,90847.4
5412,90865
5413,90882.3
5414,90897.8
5415,90915.6
5416,90932.9
5417,90949.4
5418,90965.9
5419,90984.5
5420,90998.9
5421,91015.3
5422,91030.6
5423,91047.6
5424,91065.9
5425,91081.2
5426,91099.8
5427,91115.8
5428,91131.7
5429,91150
5430,91163.9
5431,91183.4
5432,91197.8
5433,91215.9
5434,91230.8
5435,91248.8
5436,91266.9
5437,91284.5
5438,91299.3
5439,91315.1
5440,91335.5
5441,91348.6
5442,91365
5443,91381.9
5444,91401.5
5445,91415.7
5446,91433.6
5447,91449.4
5448,91464.2
5449,91482.8
5450,91499
5451,91514.8
5452,91533.8
5453,91547.6
5454,91565
5455,91582.5
5456,91599.8
5457,91614
5458,91632.9
5459,91649.3
5460,91664.3
5461,91681.7
5462,91698.4
5463,91716
5464,91734.3
5465,91747.6
5466,91770.1
5467,91783.1
5468,91800
5469,91815.1
5470,91830.3
5471,91848.2
5472,91864.8
5473,91880.2
5474,91898.1
5475,91915.4
5476,91932.9
5477,91947.3
5478,91964.8
5479,91984.3
5480,91997.4
5481,92016.5
5482,92030
5483,92047.4
5484,92065
5485,92081.6
5486,92099.5
5487,92113.4
5488,92132.2
5489,92147.6
5490,92165.3
5491,92181.1
5492,92200.9
5493,92214.6
5494,92232.2
5495,92247.8
5496,92265.5
5497,92281.8
5498,92296.4
5499,92315.3
5500,92330.8
5501,92347.5
5502,92364.3
5503,92382.4
5504,92396.3
5505,92417.1
5506,92430.4
5507,92449.4
5508,92463.6
5509,92480.7
5510,92497.7
5511,92515
5512,92529.7
5513,92547
5514,92564.9
5515,92581.1
5516,92601.8
5517,92615.9
5518,92632.6
5519,92646.3
5520,92663.8
5521,92680.8
5522,92698.4
5523,92715
5524,92730.1
5525,92747.5
5526,92764.8
5527,92780.1
5528,92798.2
5529,92812.9
5530,92831.8
5531,92846.1
5532,92863.9
5533,92880.5
5534,92896.7
5535,92913.8
5536,92933.6
5537,92946.4
5538,92963.7
5539,92979.6
5540,92996.5
5541,93013.9
5542,93032
5543,93045.8
5544,93062.9
5545,93079.8
5546,93097.5
5547,93113.7
5548,93131.2
5549,93145.7
5550,93163.8
5551,93180.6
5552,93197.6
5553,93220.1
5554,93231.7
5555,93245.9
5556,93263.7
5557,93279.2
5558,93297.1
5559,93317.1
5560,93329.7
5561,93347.3
5562,93363.3
5563,93379.6
5564,93401.5
5565,93413.9
5566,93430.6
5567,93448
5568,93462
5569,93478.8
5570,93496.4
5571,93514.9
5572,93528.9
5573,93545.7
5574,93564.6
5575,93580.4
5576,93596.7
5577,93616.2
5578,93629.8
5579,93646.6
5580,93663.3
5581,93680.8
5582,93696.7
5583,93712.6
5584,93730.6
5585,93747.8
5586,93762.1
5587,93781.2
5588,93801.7
5589,93811.8
5590,93829.9
5591,93846.5
5592,93863.5
5593,93879
5594,93895.8
5595,93914.2
5596,93928.4
5597,93946.2
5598,93963
5599,93980.4
5600,93996.2
5601,94012.7
5602,94030.2
5603,94045.6
5604,94068.7
5605,94079.7
5606,94097.8
5607,94111.4
5608,94128.8
5609,94146.1
5610,94161.4
5611,94179.3
5612,94198.1
5613,94212.2
5614,94229.4
5615,94247
5616,94263.3
5617,94278.7
5618,94297.1
5619,94313.8
5620,94328
5621,94346.2
5622,94363.9
5623,94378.5
5624,94397.4
5625,94412
5626,94428.4
5627,94445.7
5628,94462.9
5629,94480.5
5630,94495.3
5631,94512.8
5632,94527.8
5633,94545.4
5634,94562.2
5635,94580.4
5636,94596
5637,94615.6
5638,94629.9
5639,94647.8
5640,94660.9
5641,94680.3
5642,94695.6
5643,94713.1
5644,94730.6
5645,94745.8
5646,94761.8
5647,94782.2
5648,94795.9
5649,94814.5
5650,94830.2
5651,94847
5652,94861.1
5653,94878.9
5654,94895.8
5655,94910.6
5656,94928.4
5657,94944.9
5658,94962.7
5659,94978
5660,94998.6
5661,95013.4
5662,95028.8
5663,95045.1
5664,95062.5
5665,95077.9
5666,95094.2
5667,95112.2
5668,95130.3
5669,95145.4
5670,95160.5
5671,95179
5672,95197.6
5673,95211.5
5674,95228.1
5675,95245.5
5676,95263.4
5677,95276.9
5678,95294.3
5679,95311.6
5680,95329.5
5681,95345.3
5682,95362.1
5683,95377.3
5684,95396.9
5685,95409.9
5686,95427.8
5687,95445.4
5688,95461.6
5689,95478.2
5690,95495.6
5691,95511.4
5692,95530.7
5693,95544.7
5694,95562.4
5695,95577
5696,95595.3
5697,95613.2
5698,95627.7
5699,95647.4
5700,95661
5701,95679.2
5702,95695.9
5703,95710.3
5704,95728.3
5705,95743.3
5706,95761
5707,95781
5708,95797
5709,95811.4
5710,95829.1
5711,95845.2
5712,95860.4
5713,95877.4
5714,95894.7
5715,95911.1
5716,95927.4
5717,95945.6
5718,95959.7
5719,95977.7
5720,95999.2
5721,96011.5
5722,96028.7
5723,96043.9
5724,96061.4
5725,96077.1
5726,96095
5727,96114.4
5728,96129.5
5729,96147.7
5730,96160.2
5731,96176.7
5732,96195.7
5733,96209.9
5734,96227.4
5735,96243.8
5736,96260.7
5737,96277.4
5738,96294.6
5739,96309.5
5740,96327.2
5741,96343.8
5742,96360.9
5743,96378.9
5744,96395.9
5745,96411.1
5746,96429.1
5747,96442.9
5748,96461.7
5749,96475.7
5750,96494.1
5751,96512
5752,96526.9
5753,96544.3
5754,96562
5755,96575.6
5756,96594.4
5757,96613.8
5758,96626.6
5759,96644.2
5760,96662.3
5761,96677.5
5762,96696.2
5763,96711.4
5764,96726.6
5765,96744.5
5766,96763.2
5767,96778.3
5768,96794.4
5769,96810
5770,96828.9
5771,96842.6
5772,96861.7
5773,96876.6
5774,96893.9
5775,96911.3
5776,96926.6
5777,96943.7
5778,96960.9
5779,96978.2
5780,96995.7
5781,97010.2
5782,97026.9
5783,97042.3
5784,97059.8
5785,97077.5
5786,97094
5787,97108.7
5788,97127.6
5789,97145
5790,97160.5
5791,97175.6
5792,97195.4
5793,97210.3
5794,97228.5
5795,97242.4
5796,97261.1
5797,97277.7
5798,97292.6
5799,97310.7
5800,97325.5
5801,97342.3
5802,97360.3
5803,97378.5
5804,97393.3
5805,97412.5
5806,97429.3
5807,97444.7
5808,97458.2
5809,97476.4
5810,97494.5
5811,97512.6
5812,97529.3
5813,97541.9
5814,97559.3
5815,97575.7
5816,97593.3
5817,97610.3
5818,97625
5819,97642.9
5820,97659.8
5821,97677.2
5822,97691.8
5823,97711.5
5824,97725.3
5825,97743.4
5826,97758.1
5827,97776.1
5828,97793.8
5829,97815.4
5830,97825.2
5831,97843.2
5832,97860.7
5833,97874.8
5834,97893.3
5835,97922.6
5836,97934.5
5837,97974.4
5838,98000.3
5839,98025.5
5840,98038.4
5841,98050.4
5842,98071.6
5843,98080.3
5844,98093.1
5845,98107.7
5846,98124.3
5847,98142.8
5848,98158.1
5849,98175.6
5850,98192.8
5851,98208.6
5852,98226
5853,98243.3
5854,98258.6
5855,98275.1
5856,98293.7
5857,98307.8
5858,98330.1
5859,98342.4
5860,98362.2
5861,98378.3
5862,98397.1
5863,98413.2
5864,98427.2
5865,98441.4
5866,98459.8
5867,98475.1
5868,98492.5
5869,98509.6
5870,98528.3
5871,98542.3
5872,98558.9
5873,98576.2
5874,98590.7
5875,98609.8
5876,98626.4
5877,98641.4
5878,98658.8
5879,98674.8
5880,98693
5881,98710
5882,98725.6
5883,98743.2
5884,98758.2
5885,98776.2
5886,98790.6
5887,98809.1
5888,98824.1
5889,98842
5890,98858.8
5891,98876.3
5892,98890.2
5893,98911
5894,98924.6
5895,98943
5896,98958.3
5897,98976.3
5898,98991.8
5899,99010.1
5900,99024.8
5901,99042.6
5902,99057.7
5903,99075.8
5904,99090.9
5905,99108.7
5906,99124.4
5907,99142.6
5908,99159.3
5909,99174.1
5910,99192.7
5911,99208.6
5912,99224.3
5913,99242.4
5914,99257
5915,99275.8
5916,99290.3
5917,99308.6
5918,99323.3
5919,99341.5
5920,99359.4
5921,99377.9
5922,99390.7
5923,99409.4
5924,99426.6
5925,99440.6
5926,99458.2
5927,99474.4
5928,99491
5929,99506.9
5930,99525.9
5931,99540.6
5932,99557.1
5933,99574.6
5934,99590.1
5935,99610.9
5936,99624.6
5937,99641
5938,99658.4
5939,99673.2
5940,99691.8
5941,99707.6
5942,99725.4
5943,99740
5944,99757.3
5945,99777
5946,99794.2
5947,99811.2
5948,99824.7
5949,99841.3
5950,99856.5
5951,99873.6
5952,99892.2
5953,99907.1
5954,99924.4
5955,99941.7
5956,99956.8
5957,99974.9
5958,99991.5
5959,100008
5960,100025
5961,100038
5962,100057
5963,100073
5964,100091
5965,100106
5966,100124
5967,100141
5968,100158
5969,100175
5970,100190
5971,100209
5972,100223
5973,100241
5974,100257
5975,100274
5976,100289
5977,100307
5978,100325
5979,100339
5980,100357
5981,100373
5982,100392
5983,100414
5984,100426
5985,100439
5986,100455
5987,100473
5988,100491
5989,100507
5990,100525
5991,100539
5992,100557
5993,100575
5994,100590
5995,100611
5996,100625
5997,100640
5998,100657
5999,100674
6000,100689
6001,100707
6002,100724
6003,100741
6004,100758
6005,100774
6006,100789
6007,100810
6008,100826
6009,100840
6010,100857
6011,100873
6012,100890
6013,100907
6014,100925
6015,100938
6016,100956
6017,100974
6018,100989
6019,101007
6020,101022
6021,101041
6022,101056
6023,101073
6024,101090
6025,101106
6026,101125
6027,101140
6028,101157
6029,101175
6030,101189
6031,101208
6032,101225
6033,101239
6034,101256
6035,101273
6036,101290
6037,101307
6038,101323
6039,101339
6040,101357
6041,101372
6042,101390
6043,101411
6044,101422
6045,101441
6046,101458
6047,101471
6048,101490
6049,101507
6050,101524
6051,101538
6052,101557
6053,101572
6054,101589
6055,101609
6056,101622
6057,101640
6058,101655
6059,101673
6060,101689
6061,101706
6062,101724
6063,101738
6064,101755
6065,101773
6066,101790
6067,101806
6068,101824
6069,101838
6070,101856
6071,101874
6072,101890
6073,101905
6074,101923
6075,101939
6076,101957
6077,101973
6078,101988
6079,102008
6080,102023
6081,102038
6082,102056
6083,102071
6084,102089
6085,102108
6086,102122
6087,102140
6088,102156
6089,102173
6090,102188
6091,102209
6092,102222
6093,102240
6094,102256
6095,102273
6096,102290
6097,102305
6098,102321
6099,102338
6100,102355
6101,102372
6102,102388
6103,102408
6104,102423
6105,102438
6106,102457
6107,102472
6108,102491
6109,102505
6110,102522
6111,102538
6112,102555
6113,102572
6114,102589
6115,102609
6116,102623
6117,102638
6118,102654
6119,102671
6120,102689
6121,102704
6122,102722
6123,102739
6124,102757
6125,102770
6126,102789
6127,102806
6128,102823
6129,102837
6130,102854
6131,102871
6132,102889
6133,102906
6134,102920
6135,102939
6136,102956
6137,102972
6138,102988
6139,103007
6140,103021
6141,103038
6142,103056
6143,103071
6144,103088
6145,103104
6146,103121
6147,103138
6148,103156
6149,103170
6150,103188
6151,103210
6152,103220
6153,103238
6154,103256
6155,103270
6156,103288
6157,103304
6158,103321
6159,103338
6160,103355
6161,103370
6162,103389
6163,103404
6164,103423
6165,103438
6166,103454
6167,103471
6168,103488
6169,103504
6170,103522
6171,103536
6172,103554
6173,103572
6174,103586
6175,103605
6176,103624
6177,103641
6178,103653
6179,103671
6180,103687
6181,103704
6182,103721
6183,103738
6184,103753
6185,103771
6186,103786
6187,103805
6188,103820
6189,103838
6190,103853
6191,103870
6192,103888
6193,103903
6194,103921
6195,103937
6196,103954
6197,103970
6198,103987
6199,104007
6200,104022
6201,104036
6202,104053
6203,104072
6204,104085
6205,104102
6206,104121
6207,104137
6208,104154
6209,104170
6210,104187
6211,104208
6212,104221
6213,104238
6214,104253
6215,104271
6216,104286
6217,104303
6218,104319
6219,104339
6220,104352
6221,104370
6222,104387
6223,104407
6224,104420
6225,104436
6226,104454
6227,104469
6228,104487
6229,104504
6230,104520
6231,104541
6232,104552
6233,104571
6234,104588
6235,104603
6236,104619
6237,104638
6238,104652
6239,104670
6240,104687
6241,104704
6242,104719
6243,104737
6244,104755
6245,104769
6246,104787
6247,104804
6248,104822
6249,104835
6250,104854
6251,104868
6252,104887
6253,104903
6254,104919
6255,104937
6256,104951
6257,104969
6258,104987
6259,105004
6260,105023
6261,105039
6262,105052
6263,105069
6264,105087
6265,105103
6266,105118
6267,105137
6268,105152
6269,105170
6270,105187
6271,105203
6272,105225
6273,105235
6274,105254
6275,105269
6276,105286
6277,105304
6278,105321
6279,105335
6280,105352
6281,105369
6282,105386
6283,105405
6284,105419
6285,105436
6286,105453
6287,105470
6288,105486
6289,105502
6290,105521
6291,105534
6292,105553
6293,105568
6294,105585
6295,105603
6296,105618
6297,105637
6298,105653
6299,105670
6300,105685
6301,105703
6302,105718
6303,105736
6304,105751
6305,105769
6306,105786
6307,105802
6308,105819
6309,105835
6310,105852
6311,105869
6312,105885
6313,105902
6314,105920
6315,105934
6316,105952
6317,105969
6318,105985
6319,106005
6320,106019
6321,106036
6322,106052
6323,106068
6324,106086
6325,106102
6326,106119
6327,106140
6328,106150
6329,106168
6330,106187
6331,106203
6332,106222
6333,106236
6334,106252
6335,106269
6336,106286
6337,106301
6338,106319
6339,106335
6340,106352
6341,106369
6342,106385
6343,106404
6344,106421
6345,106434
6346,106452
6347,106467
6348,106485
6349,106502
6350,106516
6351,106534
6352,106554
6353,106567
6354,106585
6355,106601
6356,106622
6357,106637
6358,106650
6359,106667
6360,106685
6361,106703
6362,106717
6363,106736
6364,106751
6365,106767
6366,106786
6367,106800
6368,106821
6369,106834
6370,106850
6371,106868
6372,106884
6373,106901
6374,106920
6375,106934
6376,106952
6377,106967
6378,106985
6379,107004
6380,107021
6381,107036
6382,107050
6383,107069
6384,107084
6385,107101
6386,107117
6387,107135
6388,107152
6389,107166
6390,107184
6391,107203
6392,107221
6393,107234
6394,107253
6395,107268
6396,107284
6397,107302
6398,107317
6399,107334
6400,107353
6401,107366
6402,107385
6403,107399
6404,107419
6405,107432
6406,107453
6407,107466
6408,107484
6409,107501
6410,107517
6411,107534
6412,107551
6413,107566
6414,107584
6415,107600
6416,107619
6417,107635
6418,107650
6419,107667
6420,107684
6421,107701
6422,107716
6423,107734
6424,107751
6425,107769
6426,107783
6427,107801
6428,107822
6429,107833
6430,107850
6431,107866
6432,107884
6433,107901
6434,107915
6435,107933
6436,107950
6437,107967
6438,107985
6439,107999
6440,108022
6441,108034
6442,108049
6443,108067
6444,108084
6445,108099
6446,108116
6447,108134
6448,108148
6449,108166
6450,108184
6451,108201
6452,108221
6453,108234
6454,108250
6455,108269
6456,108282
6457,108300
6458,108317
6459,108332
6460,108349
6461,108365
6462,108382
6463,108399
6464,108417
6465,108433
6466,108449
6467,108466
6468,108483
6469,108499
6470,108517
6471,108534
6472,108551
6473,108567
6474,108582
6475,108599
6476,108618
6477,108637
6478,108651
6479,108669
6480,108682
6481,108699
6482,108716
6483,108733
6484,108750
6485,108767
6486,108783
6487,108800
6488,108815
6489,108834
6490,108853
6491,108868
6492,108884
6493,108900
6494,108915
6495,108932
6496,108950
6497,108965
6498,108984
6499,108999
6500,109018
6501,109032
6502,109053
6503,109065
6504,109083
6505,109100
6506,109115
6507,109132
6508,109149
6509,109166
6510,109183
6511,109201
6512,109216
6513,109231
6514,109250
6515,109265
6516,109283
6517,109298
6518,109315
6519,109332
6520,109349
6521,109368
6522,109382
6523,109399
6524,109417
6525,109434
6526,109448
6527,109467
6528,109482
6529,109499
6530,109515
6531,109533
6532,109550
6533,109564
6534,109582
6535,109599
6536,109617
6537,109632
6538,109650
6539,109667
6540,109682
6541,109698
6542,109715
6543,109732
6544,109749
6545,109766
6546,109783
6547,109800
6548,109814
6549,109836
6550,109848
6551,109865
6552,109882
6553,109898
6554,109917
6555,109930
6556,109948
6557,109965
6558,109981
6559,109998
6560,110019
6561,110033
6562,110048
6563,110064
6564,110081
6565,110100
6566,110113
6567,110131
6568,110149
6569,110165
6570,110181
6571,110200
6572,110216
6573,110237
6574,110247
6575,110265
6576,110282
6577,110300
6578,110315
6579,110333
6580,110347
6581,110364
6582,110383
6583,110397
6584,110416
6585,110432
6586,110449
6587,110464
6588,110482
6589,110497
6590,110514
6591,110531
6592,110548
6593,110563
6594,110581
6595,110597
6596,110615
6597,110633
6598,110647
6599,110665
6600,110682
6601,110701
6602,110715
6603,110730
6604,110748
6605,110763
6606,110781
6607,110798
6608,110815
6609,110832
6610,110847
6611,110865
6612,110881
6613,110899
6614,110913
6615,110931
6616,110947
6617,110964
6618,110981
6619,110999
6620,111014
6621,111030
6622,111048
6623,111063
6624,111081
6625,111098
6626,111114
6627,111132
6628,111149
6629,111164
6630,111179
6631,111196
6632,111214
6633,111233
6634,111246
6635,111263
6636,111280
6637,111297
6638,111313
6639,111331
6640,111348
6641,111365
6642,111382
6643,111396
6644,111416
6645,111430
6646,111448
6647,111464
6648,111482
6649,111497
6650,111512
6651,111530
6652,111546
6653,111565
6654,111581
6655,111596
6656,111617
6657,111630
6658,111647
6659,111663
6660,111681
6661,111698
6662,111713
6663,111731
6664,111749
6665,111763
6666,111780
6667,111798
6668,111814
6669,111832
6670,111847
6671,111864
6672,111879
6673,111897
6674,111915
6675,111929
6676,111949
6677,111963
6678,111981
6679,111998
6680,112013
6681,112037
6682,112048
6683,112067
6684,112079
6685,112097
6686,112114
6687,112129
6688,112147
6689,112164
6690,112179
6691,112198
6692,112213
6693,112232
6694,112246
6695,112263
6696,112280
6697,112297
6698,112314
6699,112329
6700,112347
6701,112362
6702,112380
6703,112396
6704,112414
6705,112430
6706,112446
6707,112464
6708,112479
6709,112498
6710,112512
6711,112530
6712,112545
6713,112563
6714,112580
6715,112598
6716,112612
6717,112630
6718,112647
6719,112663
6720,112680
6721,112697
6722,112716
6723,112729
6724,112746
6725,112763
6726,112780
6727,112794
6728,112813
6729,112829
6730,112847
6731,112861
6732,112879
6733,112896
6734,112912
6735,112930
6736,112947
6737,112962
6738,112979
6739,112996
6740,113012
6741,113029
6742,113047
6743,113061
6744,113079
6745,113096
6746,113113
6747,113129
6748,113147
6749,113162
6750,113179
6751,113195
6752,113213
6753,113230
6754,113246
6755,113263
6756,113278
6757,113295
6758,113313
6759,113329
6760,113347
6761,113361
6762,113378
6763,113395
6764,113414
6765,113428
6766,113447
6767,113461
6768,113478
6769,113495
6770,113513
6771,113528
6772,113547
6773,113561
6774,113578
6775,113597
6776,113612
6777,113628
6778,113646
6779,113661
6780,113679
6781,113694
6782,113712
6783,113730
6784,113744
6785,113762
6786,113777
6787,113794
6788,113812
6789,113830
6790,113847
6791,113865
6792,113878
6793,113895
6794,113912
6795,113930
6796,113945
6797,113961
6798,113978
6799,113997
6800,114011
6801,114030
6802,114044
6803,114062
6804,114078
6805,114095
6806,114113
6807,114127
6808,114144
6809,114162
6810,114178
6811,114194
6812,114212
6813,114229
6814,114247
6815,114260
6816,114278
6817,114293
6818,114312
6819,114327
6820,114345
6821,114361
6822,114378
6823,114395
6824,114411
6825,114429
6826,114445
6827,114461
6828,114478
6829,114495
6830,114512
6831,114529
6832,114544
6833,114561
6834,114577
6835,114596
6836,114613
6837,114628
6838,114645
6839,114661
6840,114680
6841,114693
6842,114711
6843,114728
6844,114744
6845,114760
6846,114778
6847,114793
6848,114811
6849,114830
6850,114844
6851,114860
6852,114879
6853,114893
6854,114912
6855,114928
6856,114945
6857,114962
6858,114976
6859,114994
6860,115010
6861,115032
6862,115042
6863,115059
6864,115077
6865,115094
6866,115111
6867,115126
6868,115145
6869,115160
6870,115178
6871,115195
6872,115212
6873,115229
6874,115244
6875,115263
6876,115278
6877,115293
6878,115310
6879,115328
6880,115345
6881,115363
6882,115376
6883,115394
6884,115411
6885,115432
6886,115444
6887,115463
6888,115477
6889,115494
6890,115510
6891,115526
6892,115543
6893,115560
6894,115577
6895,115595
6896,115610
6897,115631
6898,115644
6899,115662
6900,115675
6901,115693
6902,115710
6903,115727
6904,115745
6905,115758
6906,115776
6907,115793
6908,115811
6909,115830
6910,115847
6911,115859
6912,115876
6913,115895
6914,115911
6915,115926
6916,115943
6917,115959
6918,115977
6919,115991
6920,116011
6921,116025
6922,116044
6923,116062
6924,116075
6925,116094
6926,116108
6927,116128
6928,116142
6929,116160
6930,116177
6931,116194
6932,116208
6933,116227
6934,116246
6935,116261
6936,116275
6937,116293
6938,116309
6939,116328
6940,116342
6941,116360
6942,116378
6943,116393
6944,116408
6945,116428
6946,116443
6947,116459
6948,116476
6949,116492
6950,116510
6951,116527
6952,116541
6953,116560
6954,116577
6955,116591
6956,116609
6957,116629
6958,116642
6959,116660
6960,116675
6961,116693
6962,116709
6963,116726
6964,116744
6965,116760
6966,116776
6967,116792
6968,116809
6969,116827
6970,116843
6971,116858
6972,116877
6973,116894
6974,116909
6975,116925
6976,116943
6977,116961
6978,116974
6979,116993
6980,117008
6981,117025
6982,117043
6983,117058
6984,117076
6985,117091
6986,117108
6987,117125
6988,117142
6989,117161
6990,117174
6991,117192
6992,117210
6993,117226
6994,117244
6995,117260
6996,117275
6997,117293
6998,117307
6999,117325
7000,117342
7001,117359
7002,117374
7003,117391
7004,117408
7005,117426
7006,117442
7007,117458
7008,117476
7009,117490
7010,117508
7011,117525
7012,117543
7013,117557
7014,117575
7015,117594
7016,117611
7017,117625
7018,117643
7019,117658
7020,117676
7021,117693
7022,117709
7023,117726
7024,117741
7025,117760
7026,117775
7027,117792
7028,117806
7029,117830
7030,117841
7031,117858
7032,117875
7033,117891
7034,117908
7035,117926
7036,117941
7037,117959
7038,117975
7039,117991
7040,118008
7041,118027
7042,118041
7043,118059
7044,118073
7045,118091
7046,118108
7047,118125
7048,118142
7049,118158
7050,118173
7051,118191
7052,118208
7053,118229
7054,118240
7055,118259
7056,118273
7057,118291
7058,118308
7059,118326
7060,118340
7061,118357
7062,118375
7063,118390
7064,118408
7065,118424
7066,118442
7067,118457
7068,118475
7069,118491
7070,118507
7071,118524
7072,118542
7073,118558
7074,118575
7075,118590
7076,118608
7077,118624
7078,118640
7079,118657
7080,118674
7081,118691
7082,118708
7083,118725
7084,118740
7085,118757
7086,118774
7087,118792
7088,118807
7089,118825
7090,118840
7091,118859
7092,118875
7093,118890
7094,118908
7095,118923
7096,118941
7097,118957
7098,118975
7099,118991
7100,119008
7101,119026
7102,119039
7103,119058
7104,119073
7105,119090
7106,119107
7107,119124
7108,119141
7109,119156
7110,119174
7111,119189
7112,119207
7113,119224
7114,119243
7115,119260
7116,119272
7117,119289
7118,119307
7119,119323
7120,119340
7121,119359
7122,119373
7123,119391
7124,119409
7125,119424
7126,119442
7127,119457
7128,119472
7129,119490
7130,119508
7131,119524
7132,119541
7133,119557
7134,119573
7135,119593
7136,119606
7137,119626
7138,119639
7139,119657
7140,119673
7141,119691
7142,119706
7143,119723
7144,119741
7145,119759
7146,119773
7147,119790
7148,119808
7149,119827
7150,119842
7151,119857
7152,119872
7153,119890
7154,119907
7155,119922
7156,119941
7157,119957
7158,119973
7159,119991
7160,120005
7161,120024
7162,120040
7163,120058
7164,120072
7165,120091
7166,120105
7167,120124
7168,120140
7169,120157
7170,120172
7171,120191
7172,120204
7173,120223
7174,120241
7175,120255
7176,120273
7177,120291
7178,120308
7179,120324
7180,120338
7181,120355
7182,120374
7183,120388
7184,120406
7185,120422
7186,120441
7187,120455
7188,120474
7189,120488
7190,120507
7191,120523
7192,120540
7193,120556
7194,120573
7195,120588
7196,120606
7197,120625
7198,120639
7199,120658
7200,120671
7201,120689
7202,120706
7203,120723
7204,120740
7205,120754
7206,120773
7207,120787
7208,120806
7209,120824
7210,120841
7211,120855
7212,120873
7213,120890
7214,120904
7215,120922
7216,120939
7217,120956
7218,120972
7219,120989
7220,121006
7221,121022
7222,121040
7223,121055
7224,121073
7225,121087
7226,121105
7227,121124
7228,121140
7229,121156
7230,121174
7231,121188
7232,121205
7233,121223
7234,121244
7235,121255
7236,121272
7237,121289
7238,121306
7239,121321
7240,121340
7241,121355
7242,121374
7243,121388
7244,121406
7245,121424
7246,121440
7247,121458
7248,121470
7249,121489
7250,121506
7251,121520
7252,121538
7253,121557
7254,121573
7255,121588
7256,121607
7257,121622
7258,121641
7259,121654
7260,121673
7261,121687
7262,121704
7263,121721
7264,121739
7265,121755
7266,121774
7267,121787
7268,121805
7269,121821
7270,121839
7271,121857
7272,121870
7273,121890
7274,121905
7275,121921
7276,121938
7277,121953
7278,121973
7279,121989
7280,122004
7281,122021
7282,122041
7283,122057
7284,122073
7285,122086
7286,122104
7287,122122
7288,122138
7289,122155
7290,122171
7291,122188
7292,122206
7293,122222
7294,122240
7295,122255
7296,122270
7297,122287
7298,122304
7299,122322
7300,122337
7301,122353
7302,122372
7303,122387
7304,122404
7305,122421
7306,122441
7307,122453
7308,122469
7309,122487
7310,122505
7311,122521
7312,122535
7313,122554
7314,122571
7315,122587
7316,122604
7317,122620
7318,122639
7319,122652
7320,122671
7321,122688
7322,122703
7323,122721
7324,122739
7325,122753
7326,122773
7327,122787
7328,122805
7329,122819
7330,122837
7331,122861
7332,122870
7333,122888
7334,122905
7335,122920
7336,122937
7337,122952
7338,122971
7339,122986
7340,123002
7341,123021
7342,123037
7343,123053
7344,123071
7345,123086
7346,123103
7347,123120
7348,123136
7349,123153
7350,123172
7351,123186
7352,123205
7353,123220
7354,123240
7355,123254
7356,123273
7357,123286
7358,123304
7359,123319
7360,123337
7361,123354
7362,123373
7363,123386
7364,123403
7365,123421
7366,123439
7367,123453
7368,123470
7369,123487
7370,123504
7371,123520
7372,123536
7373,123554
7374,123569
7375,123585
7376,123603
7377,123620
7378,123640
7379,123654
7380,123668
7381,123685
7382,123703
7383,123719
7384,123737
7385,123753
7386,123769
7387,123786
7388,123803
7389,123820
7390,123839
7391,123853
7392,123870
7393,123886
7394,123903
7395,123919
7396,123935
7397,123952
7398,123970
7399,123987
7400,124002
7401,124020
7402,124039
7403,124052
7404,124068
7405,124086
7406,124102
7407,124120
7408,124135
7409,124152
7410,124169
7411,124185
7412,124203
7413,124219
7414,124238
7415,124252
7416,124269
7417,124287
7418,124302
7419,124320
7420,124336
7421,124353
7422,124368
7423,124387
7424,124402
7425,124420
7426,124436
7427,124456
7428,124469
7429,124485
7430,124502
7431,124520
7432,124535
7433,124553
7434,124569
7435,124587
7436,124602
7437,124619
7438,124637
7439,124653
7440,124668
7441,124686
7442,124702
7443,124719
7444,124734
7445,124752
7446,124768
7447,124785
7448,124801
7449,124820
7450,124839
7451,124851
7452,124868
7453,124886
7454,124901
7455,124919
7456,124934
7457,124952
7458,124968
7459,124985
7460,125002
7461,125018
7462,125036
7463,125052
7464,125069
7465,125085
7466,125100
7467,125119
7468,125134
7469,125153
7470,125169
7471,125185
7472,125201
7473,125218
7474,125236
7475,125253
7476,125267
7477,125285
7478,125301
7479,125319
7480,125333
7481,125352
7482,125367
7483,125385
7484,125402
7485,125418
7486,125437
7487,125457
7488,125469
7489,125486
7490,125503
7491,125518
7492,125535
7493,125552
7494,125569
7495,125583
7496,125602
7497,125620
7498,125635
7499,125652
7500,125670
7501,125685
7502,125704
7503,125718
7504,125734
7505,125751
7506,125769
7507,125783
7508,125801
7509,125819
7510,125836
7511,125853
7512,125868
7513,125883
7514,125901
7515,125918
7516,125935
7517,125950
7518,125967
7519,125986
7520,126000
7521,126018
7522,126035
7523,126055
7524,126067
7525,126085
7526,126103
7527,126117
7528,126137
7529,126152
7530,126166
7531,126185
7532,126202
7533,126218
7534,126234
7535,126252
7536,126269
7537,126285
7538,126299
7539,126316
7540,126334
7541,126352
7542,126368
7543,126382
7544,126400
7545,126418
7546,126433
7547,126457
7548,126469
7549,126489
7550,126515
7551,126542
7552,126554
7553,126579
7554,126598
7555,126606
7556,126624
7557,126639
7558,126658
7559,126667
7560,126684
7561,126701
7562,126716
7563,126733
7564,126751
7565,126766
7566,126784
7567,126799
7568,126817
7569,126834
7570,126850
7571,126867
7572,126882
7573,126901
7574,126915
7575,126932
7576,126950
7577,126968
7578,126985
7579,126999
7580,127021
7581,127035
7582,127054
7583,127070
7584,127083
7585,127099
7586,127117
7587,127133
7588,127151
7589,127166
7590,127184
7591,127199
7592,127217
7593,127234
7594,127254
7595,127269
7596,127283
7597,127302
7598,127316
7599,127333
7600,127351
7601,127366
7602,127384
7603,127399
7604,127418
7605,127432
7606,127453
7607,127466
7608,127483
7609,127501
7610,127514
7611,127533
7612,127549
7613,127566
7614,127583
7615,127601
7616,127615
7617,127632
7618,127651
7619,127666
7620,127682
7621,127700
7622,127715
7623,127733
7624,127748
7625,127767
7626,127785
7627,127798
7628,127816
7629,127833
7630,127850
7631,127864
7632,127882
7633,127898
7634,127917
7635,127936
7636,127948
7637,127965
7638,127984
7639,128001
7640,128019
7641,128032
7642,128052
7643,128067
7644,128081
7645,128099
7646,128117
7647,128131
7648,128149
7649,128166
7650,128182
7651,128200
7652,128214
7653,128232
7654,128253
7655,128265
7656,128284
7657,128298
7658,128315
7659,128331
7660,128349
7661,128365
7662,128383
7663,128400
7664,128417
7665,128431
7666,128452
7667,128465
7668,128483
7669,128501
7670,128515
7671,128533
7672,128549
7673,128565
7674,128582
7675,128601
7676,128614
7677,128632
7678,128652
7679,128665
7680,128683
7681,128697
7682,128714
7683,128732
7684,128748
7685,128764
7686,128781
7687,128798
7688,128815
7689,128833
7690,128856
7691,128865
7692,128882
7693,128897
7694,128914
7695,128933
7696,128947
7697,128965
7698,128980
7699,128999
7700,129014
7701,129032
7702,129050
7703,129065
7704,129084
7705,129097
7706,129115
7707,129131
7708,129149
7709,129165
7710,129183
7711,129198
7712,129216
7713,129233
7714,129248
7715,129264
7716,129282
7717,129298
7718,129316
7719,129334
7720,129347
7721,129366
7722,129383
7723,129397
7724,129416
7725,129431
7726,129450
7727,129464
7728,129480
7729,129498
7730,129516
7731,129533
7732,129547
7733,129564
7734,129582
7735,129597
7736,129614
7737,129632
7738,129653
7739,129663
7740,129680
7741,129697
7742,129714
7743,129731
7744,129748
7745,129766
7746,129779
7747,129797
7748,129814
7749,129832
7750,129847
7751,129864
7752,129881
7753,129898
7754,129913
7755,129931
7756,129946
7757,129965
7758,129982
7759,129996
7760,130014
7761,130030
7762,130049
7763,130064
7764,130081
7765,130097
7766,130113
7767,130132
7768,130147
7769,130166
7770,130180
7771,130197
7772,130213
7773,130231
7774,130248
7775,130263
7776,130280
7777,130297
7778,130313
7779,130330
7780,130349
7781,130364
7782,130381
7783,130398
7784,130415
7785,130430
7786,130449
7787,130466
7788,130479
7789,130497
7790,130513
7791,130531
7792,130547
7793,130565
7794,130579
7795,130596
7796,130613
7797,130631
7798,130651
7799,130663
7800,130680
7801,130697
7802,130714
7803,130731
7804,130747
7805,130762
7806,130782
7807,130796
7808,130813
7809,130830
7810,130850
7811,130869
7812,130878
7813,130901
7814,130913
7815,130930
7816,130948
7817,130962
7818,130980
7819,130997
7820,131012
7821,131030
7822,131049
7823,131063
7824,131080
7825,131100
7826,131113
7827,131130
7828,131146
7829,131162
7830,131179
7831,131197
7832,131211
7833,131230
7834,131247
7835,131263
7836,131279
7837,131296
7838,131313
7839,131329
7840,131347
7841,131363
7842,131378
7843,131397
7844,131413
7845,131429
7846,131446
7847,131465
7848,131479
7849,131496
7850,131513
7851,131531
7852,131545
7853,131564
7854,131578
7855,131601
7856,131613
7857,131630
7858,131648
7859,131664
7860,131680
7861,131698
7862,131712
7863,131730
7864,131748
7865,131763
7866,131782
7867,131795
7868,131813
7869,131833
7870,131845
7871,131865
7872,131879
7873,131897
7874,131913
7875,131927
7876,131944
7877,131962
7878,131979
7879,131997
7880,132011
7881,132028
7882,132050
7883,132062
7884,132079
7885,132095
7886,132112
7887,132129
7888,132146
7889,132161
7890,132179
7891,132197
7892,132212
7893,132228
7894,132248
7895,132261
7896,132278
7897,132296
7898,132311
7899,132330
7900,132344
7901,132361
7902,132379
7903,132395
7904,132413
7905,132429
7906,132445
7907,132463
7908,132479
7909,132494
7910,132513
7911,132530
7912,132546
7913,132562
7914,132581
7915,132595
7916,132612
7917,132628
7918,132647
7919,132661
7920,132679
7921,132698
7922,132711
7923,132729
7924,132745
7925,132763
7926,132780
7927,132796
7928,132813
7929,132827
7930,132846
7931,132864
7932,132878
7933,132895
7934,132910
7935,132928
7936,132944
7937,132962
7938,132977
7939,132994
7940,133012
7941,133027
7942,133045
7943,133065
7944,133078
7945,133096
7946,133110
7947,133127
7948,133145
7949,133162
7950,133178
7951,133196
7952,133210
7953,133228
7954,133248
7955,133261
7956,133279
7957,133293
7958,133311
7959,133327
7960,133344
7961,133361
7962,133378
7963,133394
7964,133411
7965,133429
7966,133445
7967,133465
7968,133479
7969,133493
7970,133511
7971,133528
7972,133544
7973,133561
7974,133576
7975,133594
7976,133614
7977,133628
7978,133645
7979,133661
7980,133678
7981,133694
7982,133711
7983,133729
7984,133744
7985,133763
7986,133776
7987,133794
7988,133811
7989,133828
7990,133845
7991,133860
7992,133877
7993,133894
7994,133910
7995,133927
7996,133943
7997,133961
7998,133977
7999,133996
8000,134010
8001,134028
8002,134043
8003,134062
8004,134077
8005,134094
8006,134110
8007,134128
8008,134143
8009,134161
8010,134177
8011,134194
8012,134211
8013,134226
8014,134245
8015,134261
8016,134277
8017,134294
8018,134309
8019,134328
8020,134344
8021,134359
8022,134377
8023,134395
8024,134409
8025,134426
8026,134445
8027,134461
8028,134479
8029,134493
8030,134510
8031,134527
8032,134544
8033,134561
8034,134575
8035,134595
8036,134611
8037,134626
8038,134647
8039,134661
8040,134677
8041,134694
8042,134709
8043,134727
8044,134744
8045,134760
8046,134776
8047,134794
8048,134811
8049,134826
8050,134844
8051,134861
8052,134877
8053,134892
8054,134910
8055,134927
8056,134944
8057,134961
8058,134975
8059,134993
8060,135009
8061,135027
8062,135043
8063,135059
8064,135075
8065,135093
8066,135110
8067,135127
8068,135142
8069,135159
8070,135178
8071,135193
8072,135211
8073,135225
8074,135243
8075,135261
8076,135276
8077,135292
8078,135309
8079,135326
8080,135342
8081,135359
8082,135376
8083,135394
8084,135408
8085,135425
8086,135442
8087,135460
8088,135477
8089,135491
8090,135509
8091,135526
8092,135542
8093,135560
8094,135577
8095,135593
8096,135610
8097,135625
8098,135644
8099,135661
8100,135674
8101,135692
8102,135709
8103,135726
8104,135743
8105,135761
8106,135775
8107,135793
8108,135808
8109,135825
8110,135842
8111,135862
8112,135878
8113,135891
8114,135909
8115,135925
8116,135943
8117,135959
8118,135977
8119,135993
8120,136009
8121,136026
8122,136042
8123,136063
8124,136075
8125,136093
8126,136112
8127,136126
8128,136144
8129,136158
8130,136176
8131,136191
8132,136209
8133,136224
8134,136243
8135,136261
8136,136277
8137,136292
8138,136308
8139,136325
8140,136342
8141,136359
8142,136375
8143,136393
8144,136412
8145,136426
8146,136443
8147,136459
8148,136476
8149,136493
8150,136508
8151,136525
8152,136541
8153,136559
8154,136574
8155,136591
8156,136609
8157,136623
8158,136642
8159,136663
8160,136679
8161,136691
8162,136708
8163,136724
8164,136742
8165,136760
8166,136775
8167,136793
8168,136808
8169,136824
8170,136842
8171,136860
8172,136880
8173,136893
8174,136906
8175,136924
8176,136942
8177,136961
8178,136975
8179,136993
8180,137006
8181,137024
8182,137042
8183,137062
8184,137076
8185,137090
8186,137109
8187,137124
8188,137141
8189,137160
8190,137174
8191,137192
8192,137207
8193,137225
8194,137242
8195,137265
8196,137274
8197,137291
8198,137307
8199,137324
8200,137341
8201,137359
8202,137376
8203,137390
8204,137407
8205,137425
8206,137440
8207,137457
8208,137473
8209,137491
8210,137507
8211,137525
8212,137540
8213,137557
8214,137576
8215,137590
8216,137607
8217,137623
8218,137641
8219,137658
8220,137676
8221,137691
8222,137710
8223,137724
8224,137743
8225,137757
8226,137773
8227,137790
8228,137809
8229,137824
8230,137843
8231,137858
8232,137876
8233,137890
8234,137907
8235,137925
8236,137942
8237,137956
8238,137974
8239,137990
8240,138007
8241,138023
8242,138041
8243,138057
8244,138074
8245,138090
8246,138109
8247,138121
8248,138143
8249,138157
8250,138174
8251,138191
8252,138208
8253,138222
8254,138240
8255,138257
8256,138273
8257,138291
8258,138313
8259,138327
8260,138341
8261,138359
8262,138377
8263,138391
8264,138410
8265,138424
8266,138438
8267,138462
8268,138473
8269,138490
8270,138507
8271,138522
8272,138540
8273,138556
8274,138575
8275,138590
8276,138609
8277,138623
8278,138642
8279,138657
8280,138674
8281,138694
8282,138705
8283,138723
8284,138740
8285,138755
8286,138773
8287,138793
8288,138805
8289,138823
8290,138839
8291,138857
8292,138872
8293,138889
8294,138906
8295,138924
8296,138942
8297,138956
8298,138974
8299,138988
8300,139006
8301,139023
8302,139039
8303,139057
8304,139074
8305,139091
8306,139107
8307,139123
8308,139140
8309,139155
8310,139173
8311,139190
8312,139205
8313,139223
8314,139239
8315,139258
8316,139273
8317,139293
8318,139307
8319,139324
8320,139338
8321,139357
8322,139373
8323,139390
8324,139408
8325,139422
8326,139440
8327,139456
8328,139472
8329,139488
8330,139506
8331,139523
8332,139539
8333,139557
8334,139570
8335,139588
8336,139606
8337,139622
8338,139641
8339,139658
8340,139675
8341,139695
8342,139710
8343,139721
8344,139739
8345,139754
8346,139773
8347,139790
8348,139806
8349,139823
8350,139838
8351,139858
8352,139875
8353,139890
8354,139905
8355,139922
8356,139937
8357,139955
8358,139972
8359,139988
8360,140005
8361,140022
8362,140040
8363,140059
8364,140073
8365,140089
8366,140105
8367,140124
8368,140138
8369,140155
8370,140171
8371,140189
8372,140207
8373,140221
8374,140238
8375,140256
8376,140273
8377,140288
8378,140306
8379,140321
8380,140337
8381,140355
8382,140371
8383,140389
8384,140404
8385,140421
8386,140438
8387,140457
8388,140473
8389,140488
8390,140505
8391,140522
8392,140537
8393,140557
8394,140570
8395,140589
8396,140605
8397,140622
8398,140638
8399,140655
8400,140674
8401,140687
8402,140705
8403,140722
8404,140738
8405,140755
8406,140773
8407,140788
8408,140805
8409,140825
8410,140837
8411,140855
8412,140875
8413,140888
8414,140905
8415,140922
8416,140937
8417,140955
8418,140972
8419,140987
8420,141004
8421,141020
8422,141038
8423,141055
8424,141073
8425,141089
8426,141105
8427,141122
8428,141137
8429,141156
8430,141169
8431,141187
8432,141205
8433,141219
8434,141237
8435,141256
8436,141271
8437,141290
8438,141304
8439,141320
8440,141338
8441,141353
8442,141371
8443,141387
8444,141405
8445,141428
8446,141437
8447,141456
8448,141472
8449,141486
8450,141504
8451,141521
8452,141537
8453,141554
8454,141573
8455,141586
8456,141603
8457,141621
8458,141635
8459,141656
8460,141671
8461,141689
8462,141704
8463,141722
8464,141737
8465,141754
8466,141772
8467,141789
8468,141802
8469,141821
8470,141839
8471,141857
8472,141871
8473,141886
8474,141904
8475,141921
8476,141936
8477,141954
8478,141972
8479,141987
8480,142004
8481,142021
8482,142035
8483,142057
8484,142071
8485,142089
8486,142109
8487,142120
8488,142137
8489,142155
8490,142171
8491,142186
8492,142205
8493,142220
8494,142237
8495,142253
8496,142274
8497,142287
8498,142303
8499,142321
8500,142335
8501,142352
8502,142370
8503,142387
8504,142402
8505,142420
8506,142436
8507,142454
8508,142473
8509,142488
8510,142502
8511,142520
8512,142537
8513,142553
8514,142569
8515,142586
8516,142603
8517,142621
8518,142639
8519,142653
8520,142671
8521,142685
8522,142704
8523,142719
8524,142736
8525,142755
8526,142771
8527,142789
8528,142802
8529,142819
8530,142835
8531,142853
8532,142871
8533,142885
8534,142904
8535,142918
8536,142936
8537,142953
8538,142969
8539,142987
8540,143001
8541,143019
8542,143037
8543,143053
8544,143069
8545,143086
8546,143104
8547,143118
8548,143136
8549,143151
8550,143170
8551,143185
8552,143203
8553,143220
8554,143235
8555,143252
8556,143270
8557,143289
8558,143305
8559,143320
8560,143339
8561,143352
8562,143368
8563,143387
8564,143401
8565,143418
8566,143435
8567,143453
8568,143471
8569,143486
8570,143503
8571,143521
8572,143535
8573,143555
8574,143568
8575,143586
8576,143604
8577,143620
8578,143634
8579,143652
8580,143671
8581,143685
8582,143703
8583,143718
8584,143735
8585,143752
8586,143770
8587,143786
8588,143805
8589,143817
8590,143836
8591,143851
8592,143869
8593,143887
8594,143902
8595,143920
8596,143934
8597,143952
8598,143967
8599,143985
8600,144001
8601,144018
8602,144036
8603,144052
8604,144072
8605,144089
8606,144101
8607,144119
8608,144134
8609,144151
8610,144169
8611,144186
8612,144201
8613,144221
8614,144234
8615,144251
8616,144270
8617,144284
8618,144301
8619,144317
8620,144335
8621,144352
8622,144367
8623,144385
8624,144402
8625,144417
8626,144435
8627,144452
8628,144473
8629,144486
8630,144503
8631,144517
8632,144534
8633,144553
8634,144569
8635,144585
8636,144602
8637,144617
8638,144636
8639,144651
8640,144671
8641,144688
8642,144702
8643,144720
8644,144733
8645,144751
8646,144768
8647,144786
8648,144801
8649,144818
8650,144835
8651,144853
8652,144868
8653,144883
8654,144901
8655,144920
8656,144933
8657,144950
8658,144967
8659,144985
8660,145001
8661,145018
8662,145034
8663,145052
8664,145068
8665,145084
8666,145100
8667,145117
8668,145134
8669,145150
8670,145169
8671,145183
8672,145201
8673,145218
8674,145233
8675,145252
8676,145268
8677,145284
8678,145301
8679,145317
8680,145334
8681,145350
8682,145369
8683,145383
8684,145400
8685,145417
8686,145434
8687,145452
8688,145471
8689,145483
8690,145500
8691,145518
8692,145534
8693,145549
8694,145567
8695,145582
8696,145601
8697,145616
8698,145634
8699,145650
8700,145669
8701,145687
8702,145700
8703,145717
8704,145732
8705,145749
8706,145767
8707,145784
8708,145800
8709,145816
8710,145834
8711,145849
8712,145867
8713,145883
8714,145900
8715,145917
8716,145934
8717,145950
8718,145967
8719,145985
8720,145999
8721,146018
8722,146032
8723,146049
8724,146066
8725,146085
8726,146099
8727,146116
8728,146137
8729,146148
8730,146166
8731,146183
8732,146202
8733,146216
8734,146233
8735,146249
8736,146266
8737,146283
8738,146300
8739,146316
8740,146332
8741,146349
8742,146367
8743,146384
8744,146400
8745,146416
8746,146434
8747,146449
8748,146468
8749,146482
8750,146499
8751,146516
8752,146534
8753,146553
8754,146571
8755,146585
8756,146605
8757,146616
8758,146632
8759,146649
8760,146669
8761,146684
8762,146700
8763,146715
8764,146732
8765,146749
8766,146767
8767,146785
8768,146799
8769,146817
8770,146831
8771,146850
8772,146869
8773,146886
8774,146900
8775,146916
8776,146933
8777,146951
8778,146966
8779,146984
8780,147001
8781,147015
8782,147033
8783,147049
8784,147069
8785,147082
8786,147100
8787,147115
8788,147133
8789,147150
8790,147165
8791,147185
8792,147198
8793,147215
8794,147233
8795,147249
8796,147265
8797,147284
8798,147299
8799,147315
8800,147332
8801,147350
8802,147367
8803,147382
8804,147400
8805,147415
8806,147431
8807,147450
8808,147467
8809,147483
8810,147499
8811,147515
8812,147533
8813,147548
8814,147565
8815,147583
8816,147599
8817,147617
8818,147631
8819,147648
8820,147666
8821,147680
8822,147699
8823,147715
8824,147730
8825,147748
8826,147766
8827,147783
8828,147798
8829,147817
8830,147830
8831,147848
8832,147868
8833,147882
8834,147898
8835,147916
8836,147931
8837,147948
8838,147967
8839,147981
8840,147998
8841,148016
8842,148031
8843,148048
8844,148065
8845,148083
8846,148097
8847,148115
8848,148131
8849,148148
8850,148169
8851,148182
8852,148198
8853,148214
8854,148233
8855,148247
8856,148266
8857,148283
8858,148297
8859,148315
8860,148333
8861,148349
8862,148363
8863,148382
8864,148398
8865,148414
8866,148432
8867,148449
8868,148465
8869,148483
8870,148501
8871,148514
8872,148532
8873,148546
8874,148563
8875,148581
8876,148599
8877,148612
8878,148630
8879,148649
8880,148666
8881,148689
8882,148702
8883,148715
8884,148732
8885,148746
8886,148763
8887,148782
8888,148797
8889,148815
8890,148831
8891,148848
8892,148865
8893,148882
8894,148900
8895,148913
8896,148931
8897,148950
8898,148963
8899,148980
8900,148997
8901,149013
8902,149033
8903,149046
8904,149064
8905,149084
8906,149098
8907,149115
8908,149130
8909,149147
8910,149165
8911,149179
8912,149198
8913,149214
8914,149231
8915,149247
8916,149265
8917,149279
8918,149297
8919,149315
8920,149331
8921,149348
8922,149365
8923,149380
8924,149398
8925,149414
8926,149430
8927,149447
8928,149466
8929,149482
8930,149500
8931,149513
8932,149530
8933,149549
8934,149563
8935,149582
8936,149597
8937,149615
8938,149629
8939,149647
8940,149665
8941,149681
8942,149696
8943,149714
8944,149731
8945,149748
8946,149762
8947,149780
8948,149796
8949,149814
8950,149831
8951,149846
8952,149865
8953,149882
8954,149898
8955,149915
8956,149930
8957,149946
8958,149965
8959,149979
8960,149997
8961,150012
8962,150031
8963,150046
8964,150065
8965,150090
8966,150102
8967,150121
8968,150134
8969,150148
8970,150162
8971,150180
8972,150198
8973,150214
8974,150229
8975,150247
8976,150265
8977,150284
8978,150296
8979,150313
8980,150330
8981,150346
8982,150364
8983,150378
8984,150397
8985,150412
8986,150432
8987,150446
8988,150465
8989,150483
8990,150497
8991,150512
8992,150528
8993,150549
8994,150562
8995,150580
8996,150597
8997,150612
8998,150630
8999,150646
9000,150664
9001,150680
9002,150697
9003,150714
9004,150733
9005,150747
9006,150768
9007,150782
9008,150797
9009,150811
9010,150829
9011,150847
9012,150861
9013,150883
9014,150895
9015,150913
9016,150929
9017,150948
9018,150961
9019,150979
9020,150998
9021,151011
9022,151029
9023,151045
9024,151063
9025,151083
9026,151097
9027,151114
9028,151128
9029,151150
9030,151163
9031,151178
9032,151196
9033,151211
9034,151229
9035,151245
9036,151264
9037,151279
9038,151297
9039,151310
9040,151329
9041,151345
9042,151362
9043,151378
9044,151397
9045,151411
9046,151429
9047,151444
9048,151463
9049,151484
9050,151495
9051,151514
9052,151528
9053,151546
9054,151564
9055,151577
9056,151595
9057,151613
9058,151630
9059,151645
9060,151662
9061,151685
9062,151696
9063,151714
9064,151728
9065,151745
9066,151763
9067,151778
9068,151795
9069,151812
9070,151830
9071,151846
9072,151861
9073,151881
9074,151897
9075,151911
9076,151929
9077,151943
9078,151962
9079,151979
9080,151995
9081,152013
9082,152027
9083,152045
9084,152060
9085,152082
9086,152095
9087,152112
9088,152129
9089,152144
9090,152162
9091,152177
9092,152197
9093,152212
9094,152227
9095,152245
9096,152262
9097,152279
9098,152297
9099,152310
9100,152329
9101,152347
9102,152360
9103,152378
9104,152395
9105,152410
9106,152428
9107,152444
9108,152461
9109,152482
9110,152495
9111,152514
9112,152528
9113,152545
9114,152560
9115,152578
9116,152595
9117,152613
9118,152626
9119,152645
9120,152663
9121,152678
9122,152695
9123,152710
9124,152730
9125,152744
9126,152761
9127,152777
9128,152793
9129,152813
9130,152827
9131,152844
9132,152860
9133,152878
9134,152893
9135,152913
9136,152928
9137,152945
9138,152960
9139,152976
9140,152994
9141,153012
9142,153026
9143,153043
9144,153061
9145,153079
9146,153094
9147,153111
9148,153126
9149,153144
9150,153160
9151,153176
9152,153194
9153,153212
9154,153226
9155,153244
9156,153262
9157,153280
9158,153294
9159,153312
9160,153326
9161,153343
9162,153361
9163,153376
9164,153394
9165,153409
9166,153427
9167,153445
9168,153459
9169,153481
9170,153495
9171,153510
9172,153527
9173,153545
9174,153559
9175,153578
9176,153594
9177,153610
9178,153628
9179,153643
9180,153660
9181,153678
9182,153693
9183,153710
9184,153727
9185,153744
9186,153759
9187,153776
9188,153793
9189,153809
9190,153827
9191,153843
9192,153860
9193,153877
9194,153896
9195,153913
9196,153926
9197,153944
9198,153959
9199,153976
9200,153993
9201,154011
9202,154025
9203,154046
9204,154085
9205,154122
9206,154146
9207,154164
9208,154179
9209,154202
9210,154215
9211,154225
9212,154245
9213,154258
9214,154276
9215,154292
9216,154310
9217,154328
9218,154345
9219,154359
9220,154376
9221,154391
9222,154410
9223,154425
9224,154443
9225,154461
9226,154476
9227,154493
9228,154509
9229,154526
9230,154543
9231,154558
9232,154576
9233,154592
9234,154609
9235,154628
9236,154641
9237,154658
9238,154677
9239,154694
9240,154713
9241,154725
9242,154743
9243,154760
9244,154777
9245,154792
9246,154809
9247,154826
9248,154844
9249,154858
9250,154877
9251,154894
9252,154908
9253,154925
9254,154942
9255,154959
9256,154977
9257,154991
9258,155009
9259,155026
9260,155043
9261,155058
9262,155077
9263,155093
9264,155110
9265,155127
9266,155141
9267,155159
9268,155175
9269,155192
9270,155209
9271,155226
9272,155241
9273,155258
9274,155277
9275,155293
9276,155308
9277,155325
9278,155342
9279,155359
9280,155375
9281,155393
9282,155407
9283,155425
9284,155443
9285,155458
9286,155477
9287,155493
9288,155509
9289,155524
9290,155542
9291,155560
9292,155574
9293,155592
9294,155608
9295,155627
9296,155643
9297,155661
9298,155674
9299,155695
9300,155709
9301,155726
9302,155741
9303,155759
9304,155775
9305,155792
9306,155808
9307,155827
9308,155843
9309,155857
9310,155875
9311,155892
9312,155910
9313,155925
9314,155943
9315,155960
9316,155973
9317,155992
9318,156009
9319,156024
9320,156042
9321,156059
9322,156074
9323,156094
9324,156109
9325,156128
9326,156142
9327,156159
9328,156176
9329,156190
9330,156208
9331,156226
9332,156240
9333,156259
9334,156272
9335,156295
9336,156309
9337,156326
9338,156343
9339,156356
9340,156375
9341,156394
9342,156408
9343,156427
9344,156441
9345,156457
9346,156476
9347,156496
9348,156509
9349,156524
9350,156542
9351,156557
9352,156574
9353,156591
9354,156608
9355,156622
9356,156640
9357,156659
9358,156673
9359,156691
9360,156709
9361,156723
9362,156744
9363,156755
9364,156773
9365,156792
9366,156806
9367,156825
9368,156840
9369,156857
9370,156873
9371,156893
9372,156906
9373,156925
9374,156943
9375,156960
9376,156973
9377,156991
9378,157007
9379,157024
9380,157042
9381,157057
9382,157076
9383,157091
9384,157106
9385,157123
9386,157141
9387,157159
9388,157173
9389,157191
9390,157208
9391,157225
9392,157242
9393,157256
9394,157274
9395,157292
9396,157307
9397,157324
9398,157339
9399,157356
9400,157374
9401,157391
9402,157406
9403,157424
9404,157439
9405,157457
9406,157474
9407,157493
9408,157507
9409,157525
9410,157541
9411,157557
9412,157573
9413,157592
9414,157605
9415,157623
9416,157639
9417,157657
9418,157673
9419,157693
9420,157707
9421,157724
9422,157739
9423,157757
9424,157774
9425,157789
9426,157806
9427,157822
9428,157839
9429,157857
9430,157873
9431,157895
9432,157908
9433,157923
9434,157940
9435,157956
9436,157973
9437,157989
9438,158007
9439,158022
9440,158039
9441,158056
9442,158073
9443,158090
9444,158106
9445,158123
9446,158138
9447,158156
9448,158173
9449,158190
9450,158205
9451,158223
9452,158240
9453,158255
9454,158273
9455,158290
9456,158308
9457,158326
9458,158339
9459,158356
9460,158373
9461,158389
9462,158406
9463,158422
9464,158440
9465,158456
9466,158472
9467,158490
9468,158506
9469,158523
9470,158538
9471,158556
9472,158573
9473,158588
9474,158605
9475,158622
9476,158639
9477,158656
9478,158671
9479,158691
9480,158708
9481,158722
9482,158740
9483,158756
9484,158773
9485,158790
9486,158805
9487,158822
9488,158840
9489,158855
9490,158871
9491,158890
9492,158908
9493,158925
9494,158939
9495,158955
9496,158972
9497,158988
9498,159006
9499,159022
9500,159039
9501,159057
9502,159071
9503,159089
9504,159105
9505,159123
9506,159138
9507,159156
9508,159172
9509,159188
9510,159205
9511,159222
9512,159238
9513,159255
9514,159273
9515,159290
9516,159311
9517,159323
9518,159340
9519,159354
9520,159371
9521,159389
9522,159405
9523,159422
9524,159438
9525,159456
9526,159473
9527,159488
9528,159505
9529,159523
9530,159538
9531,159554
9532,159572
9533,159591
9534,159605
9535,159622
9536,159639
9537,159655
9538,159671
9539,159689
9540,159705
9541,159724
9542,159737
9543,159755
9544,159772
9545,159788
9546,159806
9547,159819
9548,159837
9549,159854
9550,159871
9551,159890
9552,159905
9553,159923
9554,159938
9555,159956
9556,159973
9557,159988
9558,160007
9559,160023
9560,160038
9561,160054
9562,160073
9563,160087
9564,160103
9565,160122
9566,160137
9567,160154
9568,160170
9569,160188
9570,160205
9571,160221
9572,160239
9573,160253
9574,160271
9575,160287
9576,160304
9577,160321
9578,160338
9579,160354
9580,160371
9581,160388
9582,160406
9583,160420
9584,160438
9585,160453
9586,160470
9587,160489
9588,160505
9589,160521
9590,160536
9591,160554
9592,160573
9593,160587
9594,160606
9595,160620
9596,160638
9597,160653
9598,160670
9599,160687
9600,160704
9601,160722
9602,160736
9603,160754
9604,160772
9605,160786
9606,160804
9607,160823
9608,160838
9609,160854
9610,160871
9611,160887
9612,160906
9613,160919
9614,160937
9615,160956
9616,160973
9617,160987
9618,161004
9619,161019
9620,161037
9621,161053
9622,161071
9623,161087
9624,161107
9625,161125
9626,161138
9627,161155
9628,161170
9629,161187
9630,161202
9631,161220
9632,161237
9633,161254
9634,161269
9635,161286
9636,161306
9637,161320
9638,161338
9639,161354
9640,161371
9641,161387
9642,161402
9643,161420
9644,161438
9645,161455
9646,161471
9647,161485
9648,161506
9649,161520
9650,161536
9651,161554
9652,161571
9653,161586
9654,161604
9655,161621
9656,161636
9657,161653
9658,161672
9659,161686
9660,161706
9661,161721
9662,161739
9663,161751
9664,161770
9665,161785
9666,161803
9667,161819
9668,161837
9669,161853
9670,161870
9671,161885
9672,161905
9673,161920
9674,161937
9675,161955
9676,161970
9677,161989
9678,162004
9679,162019
9680,162038
9681,162053
9682,162073
9683,162089
9684,162111
9685,162121
9686,162137
9687,162156
9688,162169
9689,162187
9690,162203
9691,162220
9692,162238
9693,162253
9694,162271
9695,162287
9696,162303
9697,162320
9698,162337
9699,162353
9700,162372
9701,162387
9702,162404
9703,162419
9704,162435
9705,162454
9706,162471
9707,162488
9708,162507
9709,162520
9710,162536
9711,162553
9712,162568
9713,162586
9714,162603
9715,162618
9716,162637
9717,162651
9718,162669
9719,162685
9720,162705
9721,162719
9722,162737
9723,162752
9724,162770
9725,162787
9726,162802
9727,162821
9728,162835
9729,162853
9730,162868
9731,162886
9732,162902
9733,162919
9734,162935
9735,162952
9736,162969
9737,162986
9738,163001
9739,163018
9740,163035
9741,163053
9742,163067
9743,163086
9744,163106
9745,163118
9746,163137
9747,163151
9748,163168
9749,163185
9750,163202
9751,163219
9752,163235
9753,163254
9754,163268
9755,163285
9756,163303
9757,163319
9758,163336
9759,163353
9760,163367
9761,163385
9762,163403
9763,163417
9764,163435
9765,163454
9766,163472
9767,163485
9768,163504
9769,163518
9770,163536
9771,163551
9772,163568
9773,163586
9774,163600
9775,163618
9776,163635
9777,163652
9778,163669
9779,163686
9780,163704
9781,163718
9782,163735
9783,163751
9784,163768
9785,163785
9786,163803
9787,163817
9788,163836
9789,163851
9790,163869
9791,163885
9792,163905
9793,163919
9794,163934
9795,163950
9796,163968
9797,163984
9798,164002
9799,164019
9800,164033
9801,164052
9802,164067
9803,164085
9804,164103
9805,164119
9806,164133
9807,164151
9808,164169
9809,164185
9810,164201
9811,164217
9812,164234
9813,164251
9814,164267
9815,164285
9816,164304
9817,164318
9818,164334
9819,164352
9820,164367
9821,164386
9822,164400
9823,164417
9824,164435
9825,164452
9826,164467
9827,164484
9828,164503
9829,164517
9830,164534
9831,164551
9832,164567
9833,164585
9834,164602
9835,164618
9836,164633
9837,164653
9838,164666
9839,164684
9840,164706
9841,164717
9842,164734
9843,164752
9844,164766
9845,164783
9846,164801
9847,164818
9848,164834
9849,164852
9850,164865
9851,164883
9852,164903
9853,164918
9854,164933
9855,164950
9856,164967
9857,164984
9858,165002
9859,165017
9860,165034
9861,165051
9862,165066
9863,165084
9864,165101
9865,165120
9866,165136
9867,165151
9868,165169
9869,165182
9870,165200
9871,165218
9872,165233
9873,165251
9874,165266
9875,165283
9876,165301
9877,165317
9878,165333
9879,165351
9880,165366
9881,165383
9882,165400
9883,165420
9884,165433
9885,165449
9886,165465
9887,165482
9888,165500
9889,165516
9890,165533
9891,165551
9892,165567
9893,165582
9894,165600
9895,165616
9896,165633
9897,165651
9898,165668
9899,165682
9900,165701
9901,165721
9902,165733
9903,165750
9904,165765
9905,165783
9906,165800
9907,165815
9908,165834
9909,165851
9910,165866
9911,165884
9912,165899
9913,165917
9914,165933
9915,165951
9916,165968
9917,165984
9918,165999
9919,166017
9920,166031
9921,166049
9922,166066
9923,166084
9924,166101
9925,166120
9926,166134
9927,166149
9928,166168
9929,166183
9930,166199
9931,166217
9932,166234
9933,166250
9934,166265
9935,166283
9936,166300
9937,166318
9938,166332
9939,166350
9940,166365
9941,166383
9942,166398
9943,166416
9944,166432
9945,166449
9946,166467
9947,166482
9948,166499
9949,166518
9950,166532
9951,166550
9952,166566
9953,166582
9954,166599
9955,166617
9956,166630
9957,166648
9958,166667
9959,166682
9960,166702
9961,166715
9962,166737
9963,166749
9964,166763
9965,166781
9966,166799
9967,166815
9968,166834
9969,166851
9970,166867
9971,166882
9972,166901
9973,166916
9974,166936
9975,166948
9976,166970
9977,166983
9978,167000
9979,167019
9980,167032
9981,167050
9982,167064
9983,167081
9984,167100
9985,167117
9986,167134
9987,167150
9988,167168
9989,167181
9990,167201
9991,167215
9992,167235
9993,167249
9994,167267
9995,167281
9996,167303
9997,167317
9998,167331
9999,167349
10000,167364
10001,167382
10002,167398
10003,167415
10004,167432
10005,167449
10006,167466
10007,167484
10008,167499
10009,167519
10010,167531
10011,167548
10012,167565
10013,167581
10014,167598
10015,167618
10016,167630
10017,167649
10018,167666
10019,167682
10020,167700
10021,167715
10022,167731
10023,167749
10024,167766
10025,167781
10026,167798
10027,167814
10028,167832
10029,167847
10030,167865
10031,167882
10032,167897
10033,167917
10034,167931
10035,167949
10036,167963
10037,167980
10038,167998
10039,168015
10040,168030
10041,168048
10042,168065
10043,168083
10044,168098
10045,168117
10046,168134
10047,168147
10048,168165
10049,168184
10050,168198
10051,168216
10052,168229
10053,168247
10054,168264
10055,168281
10056,168297
10057,168314
10058,168332
10059,168349
10060,168363
10061,168381
10062,168396
10063,168414
10064,168432
10065,168445
10066,168464
10067,168480
10068,168499
10069,168514
10070,168532
10071,168547
10072,168564
10073,168581
10074,168597
10075,168614
10076,168630
10077,168647
10078,168665
10079,168681
10080,168698
10081,168713
10082,168730
10083,168746
10084,168763
10085,168781
10086,168796
10087,168814
10088,168831
10089,168848
10090,168863
10091,168881
10092,168896
10093,168915
10094,168932
10095,168949
10096,168963
10097,168981
10098,168998
10099,169016
10100,169032
10101,169047
10102,169062
10103,169080
10104,169101
10105,169115
10106,169131
10107,169147
10108,169163
10109,169180
10110,169198
10111,169212
10112,169233
10113,169246
10114,169265
10115,169280
10116,169299
10117,169314
10118,169330
10119,169348
10120,169363
10121,169379
10122,169396
10123,169414
10124,169430
10125,169447
10126,169463
10127,169484
10128,169497
10129,169515
10130,169533
10131,169546
10132,169564
10133,169579
10134,169597
10135,169613
10136,169629
10137,169650
10138,169662
10139,169679
10140,169698
10141,169716
10142,169733
10143,169747
10144,169762
10145,169779
10146,169796
10147,169813
10148,169829
10149,169848
10150,169864
10151,169881
10152,169895
10153,169913
10154,169931
10155,169946
10156,169963
10157,169980
10158,169995
10159,170013
10160,170029
10161,170046
10162,170064
10163,170079
10164,170095
10165,170115
10166,170129
10167,170146
10168,170163
10169,170181
10170,170195
10171,170213
10172,170231
10173,170245
10174,170262
10175,170281
10176,170295
10177,170313
10178,170330
10179,170345
10180,170362
10181,170379
10182,170396
10183,170413
10184,170430
10185,170445
10186,170462
10187,170478
10188,170496
10189,170516
10190,170530
10191,170545
10192,170561
10193,170579
10194,170595
10195,170613
10196,170628
10197,170646
10198,170665
10199,170679
10200,170697
10201,170713
10202,170730
10203,170745
10204,170763
10205,170778
10206,170796
10207,170814
10208,170829
10209,170845
10210,170862
10211,170880
10212,170894
10213,170914
10214,170932
10215,170944
10216,170963
10217,170978
10218,170996
10219,171012
10220,171028
10221,171047
10222,171060
10223,171079
10224,171096
10225,171115
10226,171131
10227,171146
10228,171162
10229,171177
10230,171195
10231,171213
10232,171227
10233,171247
10234,171261
10235,171278
10236,171294
10237,171313
10238,171327
10239,171346
10240,171360
10241,171379
10242,171394
10243,171411
10244,171428
10245,171445
10246,171461
10247,171477
10248,171494
10249,171513
10250,171529
10251,171545
10252,171561
10253,171578
10254,171595
10255,171613
10256,171628
10257,171646
10258,171662
10259,171678
10260,171697
10261,171712
10262,171730
10263,171746
10264,171762
10265,171777
10266,171795
10267,171810
10268,171828
10269,171845
10270,171862
10271,171877
10272,171894
10273,171913
10274,171927
10275,171945
10276,171960
10277,171977
10278,171995
10279,172010
10280,172027
10281,172045
10282,172061
10283,172079
10284,172094
10285,172112
10286,172130
10287,172146
10288,172160
10289,172177
10290,172194
10291,172211
10292,172226
10293,172243
10294,172261
10295,172277
10296,172295
10297,172310
10298,172328
10299,172343
10300,172361
10301,172376
10302,172395
10303,172411
10304,172429
10305,172445
10306,172462
10307,172478
10308,172496
10309,172511
10310,172532
10311,172547
10312,172561
10313,172578
10314,172594
10315,172609
10316,172628
10317,172644
10318,172661
10319,172677
10320,172695
10321,172709
10322,172730
10323,172742
10324,172761
10325,172777
10326,172793
10327,172810
10328,172828
10329,172843
10330,172860
10331,172878
10332,172895
10333,172911
10334,172927
10335,172944
10336,172960
10337,172976
10338,172995
10339,173012
10340,173026
10341,173045
10342,173060
10343,173077
10344,173095
10345,173108
10346,173128
10347,173143
10348,173162
10349,173175
10350,173193
10351,173210
10352,173226
10353,173245
10354,173262
10355,173276
10356,173294
10357,173312
10358,173326
10359,173345
10360,173359
10361,173381
10362,173392
10363,173410
10364,173427
10365,173443
10366,173461
10367,173478
10368,173493
10369,173512
10370,173526
10371,173545
10372,173561
10373,173576
10374,173593
10375,173609
10376,173627
10377,173643
10378,173661
10379,173678
10380,173691
10381,173714
10382,173726
10383,173743
10384,173760
10385,173776
10386,173794
10387,173809
10388,173828
10389,173843
10390,173860
10391,173877
10392,173893
10393,173909
10394,173927
10395,173942
10396,173959
10397,173977
10398,173993
10399,174008
10400,174025
10401,174042
10402,174061
10403,174075
10404,174093
10405,174111
10406,174125
10407,174142
10408,174158
10409,174177
10410,174193
10411,174208
10412,174226
10413,174243
10414,174260
10415,174275
10416,174292
10417,174310
10418,174329
10419,174342
10420,174360
10421,174374
10422,174392
10423,174409
10424,174425
10425,174442
10426,174460
10427,174475
10428,174492
10429,174512
10430,174527
10431,174542
10432,174559
10433,174575
10434,174592
10435,174609
10436,174624
10437,174643
10438,174658
10439,174674
10440,174692
10441,174708
10442,174727
10443,174741
10444,174758
10445,174775
10446,174793
10447,174809
10448,174825
10449,174842
10450,174859
10451,174876
10452,174892
10453,174908
10454,174930
10455,174943
10456,174959
10457,174976
10458,174991
10459,175009
10460,175027
10461,175041
10462,175058
10463,175077
10464,175091
10465,175109
10466,175125
10467,175142
10468,175157
10469,175175
10470,175193
10471,175209
10472,175224
10473,175243
10474,175256
10475,175275
10476,175293
10477,175308
10478,175327
10479,175344
10480,175358
10481,175376
10482,175391
10483,175410
10484,175424
10485,175444
10486,175458
10487,175476
10488,175491
10489,175509
10490,175531
10491,175540
10492,175558
10493,175574
10494,175592
10495,175607
10496,175624
10497,175642
10498,175657
10499,175676
10500,175691
10501,175712
10502,175725
10503,175742
10504,175758
10505,175776
10506,175791
10507,175808
10508,175825
10509,175843
10510,175859
10511,175874
10512,175890
10513,175908
10514,175928
10515,175942
10516,175958
10517,175973
10518,175991
10519,176008
10520,176023
10521,176041
10522,176057
10523,176076
10524,176093
10525,176111
10526,176129
10527,176142
10528,176160
10529,176177
10530,176190
10531,176206
10532,176225
10533,176241
10534,176257
10535,176275
10536,176290
10537,176308
10538,176327
10539,176340
10540,176358
10541,176373
10542,176391
10543,176409
10544,176425
10545,176440
10546,176460
10547,176474
10548,176492
10549,176508
10550,176525
10551,176547
10552,176558
10553,176574
10554,176591
10555,176609
10556,176623
10557,176641
10558,176657
10559,176674
10560,176690
10561,176709
10562,176728
10563,176739
10564,176759
10565,176772
10566,176791
10567,176807
10568,176826
10569,176840
10570,176858
10571,176875
10572,176889
10573,176908
10574,176923
10575,176940
10576,176957
10577,176976
10578,176989
10579,177007
